"","time","gcc_90","day","model_results"
"1",2017-01-24,0.34564,24,0.3494092
"2",2017-02-15,0.34663,46,0.349523067637939
"3",2017-02-16,0.34508,47,0.349636915346547
"4",2017-02-17,0.34531,48,0.349750743129313
"5",2017-02-18,0.34701,49,0.349864550989724
"6",2017-02-19,0.34835,50,0.349978338931267
"7",2017-02-20,0.34562,51,0.350092106957428
"8",2017-02-21,0.34692,52,0.350205855071694
"9",2017-02-22,0.35026,53,0.350319583277548
"10",2017-02-23,0.34775,54,0.350433291578475
"11",2017-02-24,0.34553,55,0.35054697997796
"12",2017-02-25,0.34696,56,0.350660648479485
"13",2017-02-26,0.34466,57,0.350774297086533
"14",2017-02-27,0.34657,58,0.350887925802586
"15",2017-02-28,0.34948,59,0.351001534631125
"16",2017-03-01,0.35129,60,0.351115123575631
"17",2017-03-02,0.34466,61,0.351228692639584
"18",2017-03-03,0.34496,62,0.351342241826463
"19",2017-03-04,0.34534,63,0.351455771139749
"20",2017-03-05,0.34547,64,0.351569280582918
"21",2017-03-06,0.34695,65,0.351682770159448
"22",2017-03-07,0.34766,66,0.351796239872818
"23",2017-03-08,0.34481,67,0.351909689726503
"24",2017-03-09,0.34502,68,0.352023119723978
"25",2017-03-10,0.34589,69,0.35213652986872
"26",2017-03-11,0.34785,70,0.352249920164203
"27",2017-03-12,0.3437,71,0.352363290613901
"28",2017-03-13,0.34529,72,0.352476641221288
"29",2017-03-14,0.34946,73,0.352589971989835
"30",2017-03-15,0.3434,74,0.352703282923017
"31",2017-03-16,0.34373,75,0.352816574024303
"32",2017-03-17,0.34734,76,0.352929845297166
"33",2017-03-18,0.34719,77,0.353043096745076
"34",2017-03-19,0.34477,78,0.353156328371501
"35",2017-03-20,0.34726,79,0.353269540179913
"36",2017-03-27,0.34619,86,0.353382732173778
"37",2017-03-28,0.34705,87,0.353495904356566
"38",2017-03-29,0.34503,88,0.353609056731743
"39",2017-03-30,0.34771,89,0.353722189302777
"40",2017-03-31,0.34725,90,0.353835302073133
"41",2017-04-01,0.34657,91,0.353948395046277
"42",2017-04-02,0.34749,92,0.354061468225674
"43",2017-04-03,0.35681,93,0.354174521614789
"44",2017-04-04,0.3504,94,0.354287555217084
"45",2017-04-05,0.35598,95,0.354400569036024
"46",2017-04-06,0.35417,96,0.35451356307507
"47",2017-04-07,0.35214,97,0.354626537337685
"48",2017-04-08,0.35078,98,0.354739491827329
"49",2017-04-09,0.35419,99,0.354852426547465
"50",2017-04-10,0.35747,100,0.354965341501551
"51",2017-04-11,0.36816,101,0.357750978676382
"52",2017-04-12,0.3671,102,0.360552047296603
"53",2017-04-13,0.37697,103,0.363368241182504
"54",2017-04-17,0.40058,107,0.366280917354352
"55",2017-04-18,0.40901,108,0.369207364371463
"56",2017-04-19,0.40891,109,0.372147268970739
"57",2017-04-20,0.4127,110,0.375100317596033
"58",2017-04-21,0.4172,111,0.378066196453122
"59",2017-04-22,0.42133,112,0.381044591564471
"60",2017-04-23,0.41752,113,0.38403518882379
"61",2017-04-24,0.42427,114,0.387037674050362
"62",2017-04-25,0.42429,115,0.390051733043132
"63",2017-04-26,0.42583,116,0.393077051634542
"64",2017-04-27,0.43347,117,0.396113315744105
"65",2017-04-28,0.432,118,0.399160211431693
"66",2017-04-29,0.4321,119,0.402217424950549
"67",2017-04-30,0.43522,120,0.40528464279998
"68",2017-05-01,0.43725,121,0.408361551777753
"69",2017-05-02,0.43536,122,0.411447839032152
"70",2017-05-03,0.43876,123,0.414543192113704
"71",2017-05-04,0.43046,124,0.417647299026557
"72",2017-05-06,0.40041,126,0.420784748673512
"73",2017-05-07,0.4041,127,0.423930061420763
"74",2017-05-08,0.40407,128,0.427082925929263
"75",2017-05-09,0.4045,129,0.430243031568616
"76",2017-05-10,0.40573,130,0.43341006846639
"77",2017-05-11,0.40459,131,0.433193126660237
"78",2017-05-12,0.40566,132,0.432976293443502
"79",2017-05-13,0.39861,133,0.432759568761831
"80",2017-05-14,0.40341,134,0.432542952560898
"81",2017-05-15,0.40365,135,0.432326444786402
"82",2017-05-16,0.40403,136,0.432110045384072
"83",2017-05-17,0.40498,137,0.431893754299662
"84",2017-05-18,0.41012,138,0.431677571478955
"85",2017-05-19,0.40838,139,0.431461496867758
"86",2017-05-20,0.41047,140,0.431245530411908
"87",2017-05-21,0.41091,141,0.431029672057269
"88",2017-05-22,0.40623,142,0.430813921749731
"89",2017-05-23,0.41159,143,0.43059827943521
"90",2017-05-24,0.41137,144,0.430382745059653
"91",2017-05-25,0.41014,145,0.430167318569029
"92",2017-05-26,0.40981,146,0.429951999909338
"93",2017-05-27,0.41129,147,0.429736789026606
"94",2017-05-28,0.4155,148,0.429521685866885
"95",2017-05-29,0.41497,149,0.429306690376255
"96",2017-05-30,0.41534,150,0.429091802500822
"97",2017-05-31,0.41837,151,0.42887702218672
"98",2017-06-01,0.41676,152,0.428662349380109
"99",2017-06-02,0.41789,153,0.428447784027177
"100",2017-06-03,0.42033,154,0.428233326074139
"101",2017-06-04,0.42136,155,0.428018975467236
"102",2017-06-05,0.42654,156,0.427804732152737
"103",2017-06-06,0.42258,157,0.427590596076935
"104",2017-06-07,0.42357,158,0.427376567186154
"105",2017-06-08,0.42567,159,0.427162645426742
"106",2017-06-09,0.42539,160,0.426948830745076
"107",2017-06-10,0.42633,161,0.426735123087557
"108",2017-06-11,0.42705,162,0.426521522400615
"109",2017-06-12,0.42756,163,0.426308028630707
"110",2017-06-13,0.42828,164,0.426094641724316
"111",2017-06-14,0.42795,165,0.425881361627951
"112",2017-06-15,0.4289,166,0.425668188288149
"113",2017-06-16,0.43068,167,0.425455121651474
"114",2017-06-17,0.42778,168,0.425242161664515
"115",2017-06-18,0.42873,169,0.42502930827389
"116",2017-06-19,0.4305,170,0.424816561426242
"117",2017-06-20,0.42639,171,0.424603921068242
"118",2017-06-21,0.42471,172,0.424391387146585
"119",2017-06-22,0.42981,173,0.424178959607997
"120",2017-06-23,0.42274,174,0.423966638399228
"121",2017-06-24,0.42455,175,0.423754423467053
"122",2017-06-25,0.42407,176,0.423542314758278
"123",2017-06-26,0.42287,177,0.423330312219733
"124",2017-06-27,0.42062,178,0.423118415798273
"125",2017-06-28,0.4202,179,0.422906625440784
"126",2017-06-29,0.42021,180,0.422694941094174
"127",2017-06-30,0.42238,181,0.42248336270538
"128",2017-07-01,0.42138,182,0.422271890221367
"129",2017-07-02,0.42131,183,0.422060523589122
"130",2017-07-03,0.41914,184,0.421849262755664
"131",2017-07-04,0.42111,185,0.421638107668034
"132",2017-07-05,0.42151,186,0.421427058273302
"133",2017-07-06,0.41878,187,0.421216114518563
"134",2017-07-07,0.41854,188,0.42100527635094
"135",2017-07-08,0.41314,189,0.420794543717582
"136",2017-07-09,0.41714,190,0.420583916565664
"137",2017-07-10,0.41252,191,0.420373394842388
"138",2017-07-11,0.41628,192,0.420162978494981
"139",2017-07-12,0.41797,193,0.419952667470699
"140",2017-07-13,0.41772,194,0.419742461716821
"141",2017-07-14,0.41605,195,0.419532361180656
"142",2017-07-15,0.41641,196,0.419322365809537
"143",2017-07-16,0.41547,197,0.419112475550823
"144",2017-07-17,0.41373,198,0.418902690351903
"145",2017-07-18,0.42045,199,0.418693010160187
"146",2017-07-19,0.4121,200,0.418483434923115
"147",2017-07-20,0.41163,201,0.418273964588153
"148",2017-07-21,0.41171,202,0.418064599102792
"149",2017-07-22,0.41168,203,0.41785533841455
"150",2017-07-23,0.41077,204,0.417646182470972
"151",2017-07-24,0.41366,205,0.417437131219627
"152",2017-07-25,0.41006,206,0.417228184608112
"153",2017-07-26,0.41188,207,0.417019342584051
"154",2017-07-27,0.41336,208,0.416810605095092
"155",2017-07-28,0.41862,209,0.416601972088911
"156",2017-07-29,0.40968,210,0.416393443513209
"157",2017-07-30,0.40962,211,0.416185019315714
"158",2017-07-31,0.40866,212,0.415976699444181
"159",2017-08-01,0.4121,213,0.415768483846388
"160",2017-08-02,0.41094,214,0.415560372470142
"161",2017-08-03,0.40977,215,0.415352365263275
"162",2017-08-04,0.41139,216,0.415144462173646
"163",2017-08-05,0.41053,217,0.41493666314914
"164",2017-08-06,0.41357,218,0.414728968137666
"165",2017-08-07,0.41455,219,0.414521377087162
"166",2017-08-08,0.41525,220,0.41431388994559
"167",2017-08-09,0.41281,221,0.414106506660939
"168",2017-08-10,0.4148,222,0.413899227181224
"169",2017-08-11,0.41626,223,0.413692051454486
"170",2017-08-12,0.4148,224,0.413484979428791
"171",2017-08-13,0.41373,225,0.413278011052232
"172",2017-08-14,0.41246,226,0.413071146272929
"173",2017-08-15,0.41445,227,0.412864385039025
"174",2017-08-16,0.41189,228,0.412657727298692
"175",2017-08-17,0.4107,229,0.412451173000126
"176",2017-08-18,0.41218,230,0.412244722091551
"177",2017-08-19,0.40953,231,0.412038374521213
"178",2017-08-20,0.40518,232,0.411832130237389
"179",2017-08-21,0.4094,233,0.411625989188377
"180",2017-08-22,0.4091,234,0.411419951322505
"181",2017-08-23,0.41139,235,0.411214016588124
"182",2017-08-24,0.40988,236,0.411008184933613
"183",2017-08-25,0.40827,237,0.410802456307375
"184",2017-08-26,0.40854,238,0.410596830657839
"185",2017-08-27,0.40874,239,0.410391307933462
"186",2017-08-28,0.40779,240,0.410185888082723
"187",2017-08-29,0.40813,241,0.409980571054131
"188",2017-08-30,0.41051,242,0.409775356796218
"189",2017-08-31,0.41366,243,0.409570245257543
"190",2017-09-01,0.40708,244,0.409365236386689
"191",2017-09-02,0.40965,245,0.409160330132267
"192",2017-09-03,0.40075,246,0.408955526442913
"193",2017-09-04,0.40974,247,0.408750825267287
"194",2017-09-05,0.40722,248,0.408546226554078
"195",2017-09-06,0.40415,249,0.408341730251997
"196",2017-09-07,0.40235,250,0.408137336309784
"197",2017-09-08,0.40588,251,0.407933044676202
"198",2017-09-09,0.40982,252,0.407728855300042
"199",2017-09-10,0.40365,253,0.407524768130118
"200",2017-09-11,0.40918,254,0.407320783115272
"201",2017-09-12,0.41093,255,0.407116900204371
"202",2017-09-13,0.4081,256,0.406913119346306
"203",2017-09-14,0.40818,257,0.406709440489996
"204",2017-09-15,0.4071,258,0.406505863584383
"205",2017-09-16,0.40478,259,0.406302388578438
"206",2017-09-17,0.40502,260,0.406099015421154
"207",2017-09-18,0.40475,261,0.405895744061551
"208",2017-09-19,0.40781,262,0.405692574448675
"209",2017-09-20,0.40428,263,0.405489506531598
"210",2017-09-21,0.40493,264,0.405286540259415
"211",2017-09-22,0.40513,265,0.405083675581248
"212",2017-09-23,0.40787,266,0.404880912446245
"213",2017-09-24,0.40332,267,0.40467825080358
"214",2017-09-25,0.40423,268,0.40447569060245
"215",2017-09-26,0.40476,269,0.404273231792079
"216",2017-09-27,0.40734,270,0.404070874321716
"217",2017-09-28,0.40581,271,0.403868618140636
"218",2017-09-29,0.40728,272,0.40366646319814
"219",2017-09-30,0.40371,273,0.403464409443552
"220",2017-10-01,0.39933,274,0.403262456826224
"221",2017-10-02,0.40355,275,0.40306060529553
"222",2017-10-03,0.39344,276,0.402858854800874
"223",2017-10-04,0.39225,277,0.402657205291681
"224",2017-10-05,0.3939,278,0.402455656717404
"225",2017-10-06,0.3918,279,0.40225420902752
"226",2017-10-07,0.40726,280,0.402052862171532
"227",2017-10-08,0.40412,281,0.401851616098968
"228",2017-10-09,0.40582,282,0.40165047075938
"229",2017-10-10,0.40625,283,0.401449426102348
"230",2017-10-11,0.40148,284,0.401248482077476
"231",2017-10-12,0.38994,285,0.401047638634391
"232",2017-10-13,0.39724,286,0.400846895722749
"233",2017-10-14,0.39671,287,0.400646253292229
"234",2017-10-15,0.39785,288,0.400445711292534
"235",2017-10-16,0.39682,289,0.400245269673396
"236",2017-10-17,0.38781,290,0.400044928384569
"237",2017-10-18,0.38857,291,0.396777348432066
"238",2017-10-19,0.38639,292,0.393525321098707
"239",2017-10-20,0.38613,293,0.390288901911463
"240",2017-10-21,0.39384,294,0.387068144629454
"241",2017-10-22,0.3902,295,0.383863101252347
"242",2017-10-23,0.39623,296,0.380673822028944
"243",2017-10-24,0.39309,297,0.377500355465937
"244",2017-10-25,0.38696,298,0.374342748336837
"245",2017-10-26,0.37789,299,0.371201045691077
"246",2017-10-27,0.37624,300,0.368075290863276
"247",2017-10-28,0.39237,301,0.364965525482671
"248",2017-10-29,0.37861,302,0.361871789482703
"249",2017-10-30,0.37268,303,0.358794121110774
"250",2017-10-31,0.37142,304,0.355732556938141
"251",2017-11-01,0.37695,305,0.352687131869977
"252",2017-11-02,0.37372,306,0.349657879155575
"253",2017-11-03,0.36361,307,0.346644830398694
"254",2017-11-04,0.35859,308,0.343648015568057
"255",2017-11-05,0.3495,309,0.340667463007981
"256",2017-11-06,0.34194,310,0.337703199449144
"257",2017-11-07,0.35183,311,0.33781911589354
"258",2017-11-08,0.34629,312,0.33793501205002
"259",2017-11-09,0.34637,313,0.338050887922135
"260",2017-11-10,0.33599,314,0.338166743513434
"261",2017-11-11,0.33422,315,0.338282578827467
"262",2017-11-12,0.33692,316,0.338398393867784
"263",2017-11-13,0.33822,317,0.338514188637932
"264",2017-11-14,0.33771,318,0.33862996314146
"265",2017-11-15,0.33915,319,0.338745717381914
"266",2017-11-16,0.34171,320,0.338861451362841
"267",2017-11-17,0.34111,321,0.338977165087787
"268",2017-11-18,0.34877,322,0.339092858560296
"269",2017-11-19,0.3451,323,0.339208531783915
"270",2017-11-20,0.34297,324,0.339324184762186
"271",2017-11-21,0.34435,325,0.339439817498653
"272",2017-11-22,0.34232,326,0.339555429996858
"273",2017-11-23,0.34256,327,0.339671022260345
"274",2017-11-24,0.34309,328,0.339786594292654
"275",2017-11-25,0.34389,329,0.339902146097326
"276",2017-11-26,0.34309,330,0.340017677677902
"277",2017-11-27,0.34304,331,0.340133189037922
"278",2017-11-28,0.3438,332,0.340248680180923
"279",2017-11-29,0.34355,333,0.340364151110445
"280",2017-12-05,0.35257,339,0.340479601830026
"281",2017-12-06,0.34778,340,0.340595032343203
"282",2017-12-07,0.34799,341,0.340710442653511
"283",2017-12-08,0.35434,342,0.340825832764488
"284",2017-12-09,0.35153,343,0.340941202679669
"285",2017-12-10,0.34717,344,0.341056552402587
"286",2017-12-11,0.34762,345,0.341171881936779
"287",2017-12-12,0.34675,346,0.341287191285775
"288",2017-12-13,0.34679,347,0.341402480453111
"289",2017-12-14,0.34685,348,0.341517749442317
"290",2017-12-15,0.34726,349,0.341632998256926
"291",2017-12-16,0.34618,350,0.341748226900469
"292",2017-12-17,0.34856,351,0.341863435376475
"293",2017-12-18,0.34918,352,0.341978623688475
"294",2017-12-19,0.34874,353,0.342093791839997
"295",2017-12-20,0.35267,354,0.342208939834571
"296",2017-12-21,0.35101,355,0.342324067675724
"297",2017-12-22,0.35117,356,0.342439175366984
"298",2017-12-23,0.35297,357,0.342554262911877
"299",2017-12-24,0.35144,358,0.342669330313929
"300",2017-12-25,0.34764,359,0.342784377576666
"301",2017-12-26,0.34784,360,0.342899404703612
"302",2017-12-27,0.34834,361,0.343014411698292
"303",2017-12-28,0.34628,362,0.343129398564229
"304",2017-12-29,0.34715,363,0.343244365304947
"305",2017-12-30,0.34682,364,0.343359311923967
"306",2017-12-31,0.34802,365,0.343474238424811
"307",2018-01-01,0.3475,1,0.343589144811001
"308",2018-01-02,0.34595,2,0.343704031086057
"309",2018-01-03,0.34663,3,0.343818897253498
"310",2018-01-04,0.34673,4,0.343933743316845
"311",2018-01-05,0.34719,5,0.344048569279616
"312",2018-01-06,0.34573,6,0.344163375145328
"313",2018-01-07,0.3469,7,0.3442781609175
"314",2018-01-08,0.34703,8,0.344392926599647
"315",2018-01-09,0.34887,9,0.344507672195287
"316",2018-01-10,0.34804,10,0.344622397707935
"317",2018-01-11,0.35015,11,0.344737103141106
"318",2018-01-12,0.35015,12,0.344851788498313
"319",2018-01-13,0.34773,13,0.344966453783072
"320",2018-01-14,0.34709,14,0.345081098998895
"321",2018-01-15,0.34702,15,0.345195724149294
"322",2018-01-16,0.34997,16,0.345310329237781
"323",2018-01-17,0.34839,17,0.345424914267869
"324",2018-01-18,0.3473,18,0.345539479243066
"325",2018-01-19,0.34668,19,0.345654024166884
"326",2018-01-20,0.34828,20,0.345768549042832
"327",2018-01-21,0.34869,21,0.345883053874418
"328",2018-01-22,0.34884,22,0.345997538665151
"329",2018-01-23,0.34699,23,0.346112003418538
"330",2018-01-24,0.34657,24,0.346226448138087
"331",2018-01-25,0.34657,25,0.346340872827304
"332",2018-01-26,0.34678,26,0.346455277489694
"333",2018-01-27,0.34873,27,0.346569662128763
"334",2018-01-28,0.35084,28,0.346684026748015
"335",2018-01-29,0.34753,29,0.346798371350953
"336",2018-01-30,0.34738,30,0.346912695941083
"337",2018-01-31,0.34714,31,0.347027000521905
"338",2018-02-01,0.34889,32,0.347141285096922
"339",2018-02-02,0.34756,33,0.347255549669636
"340",2018-02-03,0.34693,34,0.347369794243548
"341",2018-02-04,0.35079,35,0.347484018822156
"342",2018-02-05,0.34728,36,0.347598223408963
"343",2018-02-06,0.35012,37,0.347712408007465
"344",2018-02-07,0.35247,38,0.347826572621162
"345",2018-02-08,0.3489,39,0.347940717253551
"346",2018-02-09,0.34705,40,0.34805484190813
"347",2018-02-10,0.35206,41,0.348168946588395
"348",2018-02-11,0.35203,42,0.348283031297842
"349",2018-02-12,0.3533,43,0.348397096039967
"350",2018-02-13,0.34881,44,0.348511140818263
"351",2018-02-14,0.35203,45,0.348625165636226
"352",2018-02-15,0.35048,46,0.348739170497349
"353",2018-02-16,0.35324,47,0.348853155405124
"354",2018-02-17,0.35374,48,0.348967120363044
"355",2018-02-18,0.34961,49,0.3490810653746
"356",2018-02-19,0.35012,50,0.349194990443285
"357",2018-02-20,0.34891,51,0.349308895572587
"358",2018-02-21,0.3503,52,0.349422780765997
"359",2018-02-22,0.35077,53,0.349536646027004
"360",2018-02-23,0.35011,54,0.349650491359096
"361",2018-02-24,0.34994,55,0.349764316765763
"362",2018-02-25,0.3508,56,0.34987812225049
"363",2018-02-26,0.35,57,0.349991907816766
"364",2018-02-27,0.34708,58,0.350105673468075
"365",2018-02-28,0.35272,59,0.350219419207904
"366",2018-03-01,0.35253,60,0.350333145039737
"367",2018-03-02,0.34696,61,0.350446850967059
"368",2018-03-03,0.34688,62,0.350560536993354
"369",2018-03-04,0.34697,63,0.350674203122104
"370",2018-03-05,0.34829,64,0.350787849356793
"371",2018-03-06,0.35127,65,0.350901475700902
"372",2018-03-07,0.34705,66,0.351015082157912
"373",2018-03-08,0.34692,67,0.351128668731304
"374",2018-03-09,0.34756,68,0.351242235424558
"375",2018-03-10,0.34994,69,0.351355782241154
"376",2018-03-11,0.35031,70,0.35146930918457
"377",2018-03-12,0.35208,71,0.351582816258285
"378",2018-03-13,0.34814,72,0.351696303465776
"379",2018-03-14,0.34651,73,0.35180977081052
"380",2018-03-15,0.34732,74,0.351923218295994
"381",2018-03-16,0.3495,75,0.352036645925674
"382",2018-03-17,0.3485,76,0.352150053703034
"383",2018-03-18,0.34798,77,0.35226344163155
"384",2018-03-19,0.34855,78,0.352376809714695
"385",2018-03-20,0.35038,79,0.352490157955943
"386",2018-03-21,0.35181,80,0.352603486358766
"387",2018-03-22,0.34769,81,0.352716794926637
"388",2018-03-23,0.34782,82,0.352830083663027
"389",2018-03-24,0.35027,83,0.352943352571407
"390",2018-03-25,0.35195,84,0.353056601655248
"391",2018-03-26,0.34937,85,0.353169830918019
"392",2018-03-27,0.34843,86,0.353283040363189
"393",2018-03-28,0.34936,87,0.353396229994227
"394",2018-03-29,0.34941,88,0.3535093998146
"395",2018-03-30,0.34927,89,0.353622549827777
"396",2018-03-31,0.34793,90,0.353735680037223
"397",2018-04-01,0.35001,91,0.353848790446405
"398",2018-04-02,0.35016,92,0.353961881058789
"399",2018-04-03,0.3513,93,0.354074951877838
"400",2018-04-04,0.35219,94,0.354188002907018
"401",2018-04-05,0.35013,95,0.354301034149792
"402",2018-04-06,0.35282,96,0.354414045609623
"403",2018-04-07,0.35289,97,0.354527037289974
"404",2018-04-08,0.3515,98,0.354640009194306
"405",2018-04-09,0.35253,99,0.354752961326081
"406",2018-04-10,0.35254,100,0.354865893688759
"407",2018-04-11,0.35274,101,0.357651960337449
"408",2018-04-12,0.35448,102,0.360453460810663
"409",2018-04-13,0.3566,103,0.363270088881486
"410",2018-04-14,0.3626,104,0.366101537704981
"411",2018-04-15,0.37796,105,0.368947499873338
"412",2018-04-16,0.37003,106,0.371807667470904
"413",2018-04-17,0.37204,107,0.374681732129089
"414",2018-04-18,0.38094,108,0.377569385081113
"415",2018-04-19,0.38293,109,0.38047031721661
"416",2018-04-20,0.38359,110,0.383384219136052
"417",2018-04-21,0.38523,111,0.386310781204985
"418",2018-04-22,0.39243,112,0.389249693608077
"419",2018-04-23,0.39794,113,0.392200646402949
"420",2018-04-24,0.40675,114,0.395163329573779
"421",2018-04-25,0.40722,115,0.398137433084677
"422",2018-04-26,0.4093,116,0.401122646932808
"423",2018-04-27,0.40539,117,0.40411866120125
"424",2018-04-28,0.41193,118,0.407125166111584
"425",2018-04-29,0.41102,119,0.410141852076193
"426",2018-04-30,0.41108,120,0.413168409750268
"427",2018-05-01,0.41838,121,0.4162045300835
"428",2018-05-02,0.42286,122,0.419249904371451
"429",2018-05-03,0.42825,123,0.422304224306594
"430",2018-05-04,0.44017,124,0.425367182029009
"431",2018-05-05,0.43895,125,0.428438470176717
"432",2018-05-06,0.45087,126,0.431517781935656
"433",2018-05-07,0.44394,127,0.43460481108927
"434",2018-05-08,0.44991,128,0.437699252067721
"435",2018-05-09,0.45452,129,0.440800799996687
"436",2018-05-10,0.45551,130,0.443909150745766
"437",2018-05-11,0.44971,131,0.443686953662824
"438",2018-05-12,0.44814,132,0.44346486779981
"439",2018-05-13,0.44686,133,0.443242893101053
"440",2018-05-14,0.45073,134,0.44302102951091
"441",2018-05-15,0.45198,135,0.442799276973766
"442",2018-05-16,0.45425,136,0.442577635434034
"443",2018-05-17,0.45202,137,0.442356104836155
"444",2018-05-18,0.45567,138,0.442134685124596
"445",2018-05-19,0.45121,139,0.441913376243856
"446",2018-05-20,0.45065,140,0.441692178138456
"447",2018-05-21,0.45036,141,0.44147109075295
"448",2018-05-22,0.44995,142,0.441250114031917
"449",2018-05-23,0.44204,143,0.441029247919964
"450",2018-05-24,0.44425,144,0.440808492361726
"451",2018-05-25,0.44891,145,0.440587847301865
"452",2018-05-26,0.44454,146,0.440367312685073
"453",2018-05-27,0.44502,147,0.440146888456068
"454",2018-05-28,0.43663,148,0.439926574559595
"455",2018-05-29,0.44915,149,0.439706370940427
"456",2018-05-30,0.44609,150,0.439486277543367
"457",2018-05-31,0.44266,151,0.439266294313242
"458",2018-06-01,0.44669,152,0.439046421194908
"459",2018-06-02,0.44057,153,0.438826658133251
"460",2018-06-03,0.44204,154,0.438607005073181
"461",2018-06-04,0.42567,155,0.438387461959638
"462",2018-06-05,0.43149,156,0.438168028737587
"463",2018-06-06,0.43043,157,0.437948705352025
"464",2018-06-07,0.42698,158,0.437729491747971
"465",2018-06-08,0.4311,159,0.437510387870476
"466",2018-06-09,0.43153,160,0.437291393664615
"467",2018-06-10,0.43274,161,0.437072509075495
"468",2018-06-11,0.43047,162,0.436853734048245
"469",2018-06-12,0.42917,163,0.436635068528026
"470",2018-06-13,0.43207,164,0.436416512460024
"471",2018-06-14,0.43069,165,0.436198065789454
"472",2018-06-15,0.42716,166,0.435979728461556
"473",2018-06-16,0.42928,167,0.435761500421599
"474",2018-06-17,0.43314,168,0.435543381614881
"475",2018-06-18,0.42669,169,0.435325371986724
"476",2018-06-19,0.42869,170,0.43510747148248
"477",2018-06-20,0.42987,171,0.434889680047527
"478",2018-06-21,0.43452,172,0.434671997627271
"479",2018-06-22,0.42924,173,0.434454424167145
"480",2018-06-23,0.42946,174,0.43423695961261
"481",2018-06-24,0.42783,175,0.434019603909152
"482",2018-06-25,0.42894,176,0.433802357002288
"483",2018-06-26,0.42782,177,0.433585218837559
"484",2018-06-27,0.431,178,0.433368189360536
"485",2018-06-28,0.43511,179,0.433151268516813
"486",2018-06-29,0.42884,180,0.432934456252017
"487",2018-06-30,0.42856,181,0.432717752511798
"488",2018-07-01,0.43232,182,0.432501157241834
"489",2018-07-02,0.43039,183,0.43228467038783
"490",2018-07-03,0.43302,184,0.432068291895521
"491",2018-07-04,0.42563,185,0.431852021710666
"492",2018-07-05,0.42308,186,0.431635859779051
"493",2018-07-06,0.42119,187,0.431419806046491
"494",2018-07-07,0.42413,188,0.431203860458828
"495",2018-07-08,0.43038,189,0.430988022961929
"496",2018-07-09,0.4237,190,0.430772293501692
"497",2018-07-10,0.42385,191,0.430556672024037
"498",2018-07-11,0.42121,192,0.430341158474915
"499",2018-07-12,0.42379,193,0.430125752800303
"500",2018-07-13,0.41742,194,0.429910454946204
"501",2018-07-14,0.42449,195,0.429695264858649
"502",2018-07-15,0.4224,196,0.429480182483697
"503",2018-07-16,0.42428,197,0.429265207767431
"504",2018-07-17,0.42326,198,0.429050340655964
"505",2018-07-18,0.41784,199,0.428835581095435
"506",2018-07-19,0.41987,200,0.42862092903201
"507",2018-07-20,0.41785,201,0.42840638441188
"508",2018-07-21,0.42268,202,0.428191947181266
"509",2018-07-22,0.42277,203,0.427977617286415
"510",2018-07-23,0.42544,204,0.4277633946736
"511",2018-07-24,0.42509,205,0.42754927928912
"512",2018-07-25,0.42078,206,0.427335271079304
"513",2018-07-26,0.4181,207,0.427121369990506
"514",2018-07-27,0.42299,208,0.426907575969107
"515",2018-07-28,0.41784,209,0.426693888961513
"516",2018-07-29,0.42125,210,0.426480308914161
"517",2018-07-30,0.41865,211,0.426266835773511
"518",2018-07-31,0.42131,212,0.426053469486052
"519",2018-08-01,0.41393,213,0.425840209998299
"520",2018-08-02,0.42062,214,0.425627057256793
"521",2018-08-03,0.42347,215,0.425414011208103
"522",2018-08-04,0.42422,216,0.425201071798825
"523",2018-08-05,0.41886,217,0.42498823897558
"524",2018-08-06,0.41944,218,0.424775512685017
"525",2018-08-07,0.42106,219,0.424562892873812
"526",2018-08-08,0.41707,220,0.424350379488667
"527",2018-08-09,0.42129,221,0.42413797247631
"528",2018-08-10,0.41862,222,0.423925671783497
"529",2018-08-11,0.42002,223,0.423713477357011
"530",2018-08-12,0.41899,224,0.42350138914366
"531",2018-08-13,0.41688,225,0.423289407090279
"532",2018-08-14,0.41583,226,0.423077531143731
"533",2018-08-15,0.41934,227,0.422865761250904
"534",2018-08-16,0.41582,228,0.422654097358713
"535",2018-08-17,0.41734,229,0.422442539414101
"536",2018-08-18,0.42172,230,0.422231087364034
"537",2018-08-19,0.422,231,0.422019741155509
"538",2018-08-20,0.41895,232,0.421808500735547
"539",2018-08-21,0.42229,233,0.421597366051195
"540",2018-08-22,0.42025,234,0.421386337049528
"541",2018-08-23,0.41371,235,0.421175413677648
"542",2018-08-24,0.41631,236,0.420964595882681
"543",2018-08-25,0.41765,237,0.420753883611781
"544",2018-08-26,0.41778,238,0.420543276812128
"545",2018-08-27,0.41565,239,0.42033277543093
"546",2018-08-28,0.41632,240,0.420122379415419
"547",2018-08-29,0.41714,241,0.419912088712856
"548",2018-08-30,0.41842,242,0.419701903270525
"549",2018-08-31,0.41668,243,0.41949182303574
"550",2018-09-01,0.40871,244,0.419281847955839
"551",2018-09-02,0.41485,245,0.419071977978188
"552",2018-09-03,0.42014,246,0.418862213050177
"553",2018-09-04,0.41822,247,0.418652553119225
"554",2018-09-05,0.41861,248,0.418442998132776
"555",2018-09-06,0.41742,249,0.4182335480383
"556",2018-09-07,0.41767,250,0.418024202783293
"557",2018-09-08,0.4186,251,0.417814962315279
"558",2018-09-09,0.41485,252,0.417605826581808
"559",2018-09-10,0.41749,253,0.417396795530454
"560",2018-09-11,0.4194,254,0.417187869108819
"561",2018-09-12,0.42061,255,0.416979047264532
"562",2018-09-13,0.41792,256,0.416770329945246
"563",2018-09-14,0.41922,257,0.416561717098642
"564",2018-09-15,0.42376,258,0.416353208672427
"565",2018-09-16,0.40419,259,0.416144804614333
"566",2018-09-17,0.42186,260,0.415936504872119
"567",2018-09-18,0.42048,261,0.41572830939357
"568",2018-09-19,0.4155,262,0.415520218126498
"569",2018-09-20,0.41677,263,0.41531223101874
"570",2018-09-21,0.41222,264,0.415104348018159
"571",2018-09-22,0.41397,265,0.414896569072644
"572",2018-09-23,0.41483,266,0.414688894130112
"573",2018-09-24,0.41572,267,0.414481323138504
"574",2018-09-25,0.4195,268,0.414273856045788
"575",2018-09-26,0.41545,269,0.414066492799958
"576",2018-09-27,0.41834,270,0.413859233349033
"577",2018-09-28,0.41497,271,0.413652077641059
"578",2018-09-29,0.41197,272,0.413445025624109
"579",2018-09-30,0.41507,273,0.413238077246279
"580",2018-10-01,0.41866,274,0.413031232455695
"581",2018-10-02,0.41445,275,0.412824491200504
"582",2018-10-03,0.41643,276,0.412617853428885
"583",2018-10-04,0.41303,277,0.412411319089037
"584",2018-10-05,0.41016,278,0.412204888129189
"585",2018-10-06,0.41232,279,0.411998560497594
"586",2018-10-07,0.41342,280,0.411792336142531
"587",2018-10-08,0.41331,281,0.411586215012307
"588",2018-10-09,0.41337,282,0.411380197055252
"589",2018-10-10,0.417,283,0.411174282219722
"590",2018-10-11,0.42397,284,0.410968470454102
"591",2018-10-12,0.40755,285,0.4107627617068
"592",2018-10-13,0.41015,286,0.410557155926249
"593",2018-10-14,0.41483,287,0.410351653060912
"594",2018-10-15,0.40904,288,0.410146253059274
"595",2018-10-16,0.40311,289,0.409940955869846
"596",2018-10-17,0.40898,290,0.409735761441167
"597",2018-10-18,0.4009,291,0.406389026449887
"598",2018-10-19,0.40044,292,0.403058220830023
"599",2018-10-20,0.40607,293,0.399743401453653
"600",2018-10-21,0.39355,294,0.396444623382174
"601",2018-10-22,0.39837,295,0.393161939874914
"602",2018-10-23,0.3959,296,0.389895402397921
"603",2018-10-24,0.38656,297,0.386645060632928
"604",2018-10-25,0.39009,298,0.383410962486506
"605",2018-10-26,0.38973,299,0.380193154099383
"606",2018-10-27,0.3903,300,0.376991679855929
"607",2018-10-28,0.38697,301,0.373806582393824
"608",2018-10-29,0.37062,302,0.370637902613872
"609",2018-10-30,0.36455,303,0.367485679689991
"610",2018-10-31,0.36551,304,0.364349951079357
"611",2018-11-01,0.35583,305,0.361230752532696
"612",2018-11-02,0.34647,306,0.358128118104744
"613",2018-11-03,0.34655,307,0.355042080164843
"614",2018-11-04,0.338,308,0.351972669407688
"615",2018-11-05,0.33601,309,0.348919914864217
"616",2018-11-06,0.33946,310,0.345883843912644
"617",2018-11-07,0.33413,311,0.345998328565103
"618",2018-11-08,0.33288,312,0.346112793180241
"619",2018-11-09,0.34992,313,0.346227237761564
"620",2018-11-10,0.33306,314,0.34634166231258
"621",2018-11-11,0.33713,315,0.346456066836793
"622",2018-11-12,0.34753,316,0.346570451337708
"623",2018-11-13,0.35001,317,0.346684815818831
"624",2018-11-14,0.35032,318,0.346799160283666
"625",2018-11-15,0.34021,319,0.346913484735714
"626",2018-11-16,0.33849,320,0.34702778917848
"627",2018-11-17,0.33904,321,0.347142073615465
"628",2018-11-18,0.34089,322,0.347256338050171
"629",2018-11-19,0.34225,323,0.347370582486099
"630",2018-11-20,0.34175,324,0.347484806926748
"631",2018-11-21,0.3398,325,0.347599011375618
"632",2018-11-22,0.34028,326,0.347713195836209
"633",2018-11-23,0.34194,327,0.347827360312019
"634",2018-11-24,0.35191,328,0.347941504806545
"635",2018-11-25,0.34541,329,0.348055629323285
"636",2018-11-26,0.34601,330,0.348169733865735
"637",2018-11-27,0.34567,331,0.348283818437392
"638",2018-11-28,0.34462,332,0.348397883041749
"639",2018-11-29,0.34775,333,0.348511927682303
"640",2018-11-30,0.35027,334,0.348625952362548
"641",2018-12-01,0.35026,335,0.348739957085976
"642",2018-12-02,0.35167,336,0.348853941856081
"643",2018-12-03,0.34828,337,0.348967906676355
"644",2018-12-04,0.34723,338,0.349081851550289
"645",2018-12-05,0.34692,339,0.349195776481375
"646",2018-12-06,0.34676,340,0.349309681473104
"647",2018-12-07,0.34798,341,0.349423566528964
"648",2018-12-08,0.34896,342,0.349537431652445
"649",2018-12-09,0.35131,343,0.349651276847036
"650",2018-12-10,0.35136,344,0.349765102116225
"651",2018-12-11,0.34635,345,0.349878907463499
"652",2018-12-12,0.34739,346,0.349992692892345
"653",2018-12-13,0.34781,347,0.350106458406249
"654",2018-12-14,0.35053,348,0.350220204008696
"655",2018-12-15,0.35139,349,0.350333929703172
"656",2018-12-16,0.34849,350,0.350447635493161
"657",2018-12-17,0.3464,351,0.350561321382146
"658",2018-12-18,0.34648,352,0.350674987373612
"659",2018-12-19,0.34729,353,0.350788633471039
"660",2018-12-20,0.34882,354,0.35090225967791
"661",2018-12-21,0.35004,355,0.351015865997707
"662",2018-12-22,0.34784,356,0.35112945243391
"663",2018-12-23,0.34901,357,0.351243018989999
"664",2018-12-24,0.34721,358,0.351356565669454
"665",2018-12-25,0.3478,359,0.351470092475753
"666",2018-12-26,0.34605,360,0.351583599412375
"667",2018-12-27,0.34878,361,0.351697086482797
"668",2018-12-28,0.35002,362,0.351810553690496
"669",2018-12-29,0.34914,363,0.351924001038949
"670",2018-12-30,0.3504,364,0.352037428531632
"671",2018-12-31,0.34969,365,0.352150836172019
"672",2019-01-01,0.35077,1,0.352264223963586
"673",2019-01-02,0.3496,2,0.352377591909806
"674",2019-01-03,0.35182,3,0.352490940014152
"675",2019-01-04,0.35122,4,0.352604268280098
"676",2019-01-05,0.34721,5,0.352717576711116
"677",2019-01-06,0.34761,6,0.352830865310676
"678",2019-01-07,0.34754,7,0.352944134082251
"679",2019-01-08,0.34875,8,0.35305738302931
"680",2019-01-09,0.34593,9,0.353170612155323
"681",2019-01-10,0.34546,10,0.35328382146376
"682",2019-01-11,0.34704,11,0.353397010958088
"683",2019-01-12,0.3486,12,0.353510180641775
"684",2019-01-13,0.35081,13,0.35362333051829
"685",2019-01-14,0.3511,14,0.353736460591099
"686",2019-01-15,0.34993,15,0.353849570863667
"687",2019-01-16,0.34977,16,0.35396266133946
"688",2019-01-17,0.35015,17,0.354075732021943
"689",2019-01-18,0.35007,18,0.354188782914581
"690",2019-01-19,0.34952,19,0.354301814020836
"691",2019-01-20,0.34849,20,0.354414825344173
"692",2019-01-21,0.34565,21,0.354527816888053
"693",2019-01-22,0.34631,22,0.354640788655939
"694",2019-01-23,0.34886,23,0.354753740651291
"695",2019-01-24,0.3492,24,0.35486667287757
"696",2019-01-25,0.34555,25,0.354979585338236
"697",2019-01-26,0.34671,26,0.355092478036749
"698",2019-01-27,0.34665,27,0.355205350976567
"699",2019-01-28,0.34622,28,0.355318204161149
"700",2019-01-29,0.35003,29,0.355431037593952
"701",2019-01-30,0.34771,30,0.355543851278434
"702",2019-01-31,0.34654,31,0.35565664521805
"703",2019-02-01,0.34787,32,0.355769419416256
"704",2019-02-02,0.3477,33,0.355882173876508
"705",2019-02-03,0.34872,34,0.35599490860226
"706",2019-02-04,0.34908,35,0.356107623596966
"707",2019-02-05,0.3496,36,0.356220318864079
"708",2019-02-06,0.3506,37,0.356332994407053
"709",2019-02-07,0.34771,38,0.356445650229339
"710",2019-02-08,0.34753,39,0.35655828633439
"711",2019-02-09,0.34671,40,0.356670902725655
"712",2019-02-10,0.34925,41,0.356783499406585
"713",2019-02-11,0.35084,42,0.35689607638063
"714",2019-02-12,0.35232,43,0.357008633651239
"715",2019-02-13,0.34588,44,0.357121171221861
"716",2019-02-14,0.34718,45,0.357233689095944
"717",2019-02-15,0.34883,46,0.357346187276934
"718",2019-02-16,0.35168,47,0.357458665768279
"719",2019-02-17,0.35148,48,0.357571124573425
"720",2019-02-18,0.34863,49,0.357683563695817
"721",2019-02-19,0.35026,50,0.3577959831389
"722",2019-02-20,0.35392,51,0.357908382906119
"723",2019-02-21,0.35477,52,0.358020763000917
"724",2019-02-22,0.3528,53,0.358133123426737
"725",2019-02-23,0.3544,54,0.358245464187022
"726",2019-02-24,0.34738,55,0.358357785285213
"727",2019-02-25,0.34673,56,0.358470086724753
"728",2019-02-26,0.34857,57,0.358582368509081
"729",2019-02-27,0.34924,58,0.358694630641638
"730",2019-02-28,0.34966,59,0.358806873125864
"731",2019-03-01,0.35202,60,0.358919095965196
"732",2019-03-02,0.34986,61,0.359031299163074
"733",2019-03-03,0.35266,62,0.359143482722935
"734",2019-03-04,0.35035,63,0.359255646648216
"735",2019-03-05,0.34712,64,0.359367790942354
"736",2019-03-06,0.34604,65,0.359479915608785
"737",2019-03-07,0.34839,66,0.359592020650943
"738",2019-03-08,0.35324,67,0.359704106072264
"739",2019-03-09,0.35196,68,0.359816171876181
"740",2019-03-10,0.3482,69,0.359928218066129
"741",2019-03-11,0.35017,70,0.360040244645539
"742",2019-03-12,0.34663,71,0.360152251617845
"743",2019-03-14,0.34952,73,0.360264238986477
"744",2019-03-15,0.34999,74,0.360376206754868
"745",2019-03-16,0.34723,75,0.360488154926447
"746",2019-03-17,0.34636,76,0.360600083504644
"747",2019-03-18,0.34679,77,0.360711992492889
"748",2019-03-19,0.34633,78,0.36082388189461
"749",2019-03-20,0.34674,79,0.360935751713236
"750",2019-03-21,0.35062,80,0.361047601952193
"751",2019-03-22,0.34642,81,0.361159432614909
"752",2019-03-23,0.34786,82,0.361271243704809
"753",2019-03-24,0.34929,83,0.361383035225321
"754",2019-03-25,0.35146,84,0.361494807179868
"755",2019-03-26,0.3508,85,0.361606559571875
"756",2019-03-27,0.3485,86,0.361718292404766
"757",2019-03-28,0.34791,87,0.361830005681965
"758",2019-03-29,0.35212,88,0.361941699406894
"759",2019-03-30,0.34969,89,0.362053373582974
"760",2019-03-31,0.3513,90,0.362165028213628
"761",2019-04-01,0.35126,91,0.362276663302277
"762",2019-04-02,0.35119,92,0.36238827885234
"763",2019-04-03,0.35307,93,0.362499874867237
"764",2019-04-04,0.35344,94,0.362611451350388
"765",2019-04-05,0.354,95,0.362723008305211
"766",2019-04-06,0.3547,96,0.362834545735124
"767",2019-04-07,0.35862,97,0.362946063643544
"768",2019-04-08,0.36656,98,0.363057562033887
"769",2019-04-09,0.36813,99,0.363169040909571
"770",2019-04-10,0.36963,100,0.36328050027401
"771",2019-04-11,0.37568,101,0.366030227726648
"772",2019-04-12,0.38413,102,0.368795187697508
"773",2019-04-13,0.39027,103,0.37157507795385
"774",2019-04-14,0.39824,104,0.374369595652974
"775",2019-04-15,0.3941,105,0.377178437396649
"776",2019-04-16,0.39783,106,0.380001299285424
"777",2019-04-17,0.4014,107,0.382837876972818
"778",2019-04-18,0.41041,108,0.385687865719356
"779",2019-04-19,0.41941,109,0.388550960446458
"780",2019-04-20,0.41003,110,0.39142685579015
"781",2019-04-21,0.41381,111,0.394315246154601
"782",2019-04-22,0.41689,112,0.397215825765459
"783",2019-04-23,0.42041,113,0.400128288722981
"784",2019-04-24,0.42331,114,0.403052329054942
"785",2019-05-02,0.44423,122,0.406166311917139
"786",2019-05-03,0.44923,123,0.409289441961067
"787",2019-05-04,0.44883,124,0.412421404391094
"788",2019-05-05,0.44848,125,0.415561884920752
"789",2019-05-06,0.44274,126,0.418710569823832
"790",2019-05-07,0.44385,127,0.421867145985091
"791",2019-05-08,0.44842,128,0.425031300950575
"792",2019-05-09,0.44801,129,0.428202722977515
"793",2019-05-10,0.44646,130,0.43138110108382
"794",2019-05-11,0.44617,131,0.431165174869783
"795",2019-05-12,0.44772,132,0.430949356736813
"796",2019-05-13,0.4403,133,0.430733646630811
"797",2019-05-14,0.44092,134,0.430518044497704
"798",2019-05-15,0.44305,135,0.430302550283448
"799",2019-05-16,0.4365,136,0.430087163934023
"800",2019-05-17,0.44144,137,0.429871885395438
"801",2019-05-18,0.44277,138,0.429656714613729
"802",2019-05-19,0.4329,139,0.429441651534959
"803",2019-05-20,0.43708,140,0.429226696105218
"804",2019-05-21,0.43313,141,0.429011848270621
"805",2019-05-22,0.4324,142,0.428797107977313
"806",2019-05-23,0.43495,143,0.428582475171464
"807",2019-05-24,0.43533,144,0.428367949799272
"808",2019-05-25,0.42649,145,0.428153531806962
"809",2019-05-26,0.42765,146,0.427939221140784
"810",2019-05-27,0.43195,147,0.427725017747017
"811",2019-05-28,0.43003,148,0.427510921571966
"812",2019-05-29,0.42557,149,0.427296932561964
"813",2019-05-30,0.42753,150,0.427083050663369
"814",2019-05-31,0.42694,151,0.426869275822566
"815",2019-06-01,0.42543,152,0.42665560798597
"816",2019-06-02,0.42582,153,0.426442047100018
"817",2019-06-03,0.42408,154,0.426228593111178
"818",2019-06-04,0.4266,155,0.426015245965942
"819",2019-06-05,0.42324,156,0.42580200561083
"820",2019-06-06,0.43211,157,0.425588871992389
"821",2019-06-07,0.43057,158,0.425375845057192
"822",2019-06-08,0.4296,159,0.425162924751839
"823",2019-06-09,0.43457,160,0.424950111022957
"824",2019-06-10,0.4328,161,0.4247374038172
"825",2019-06-11,0.42373,162,0.424524803081248
"826",2019-06-12,0.42794,163,0.424312308761808
"827",2019-06-13,0.42278,164,0.424099920805612
"828",2019-06-14,0.41874,165,0.423887639159423
"829",2019-06-15,0.42407,166,0.423675463770026
"830",2019-06-16,0.42227,167,0.423463394584235
"831",2019-06-17,0.4308,168,0.42325143154889
"832",2019-06-18,0.42583,169,0.423039574610859
"833",2019-06-19,0.42883,170,0.422827823717034
"834",2019-06-20,0.42959,171,0.422616178814335
"835",2019-06-21,0.42007,172,0.42240463984971
"836",2019-06-22,0.42684,173,0.42219320677013
"837",2019-06-23,0.42048,174,0.421981879522596
"838",2019-06-24,0.42241,175,0.421770658054134
"839",2019-06-25,0.42332,176,0.421559542311797
"840",2019-06-26,0.42381,177,0.421348532242663
"841",2019-06-27,0.42192,178,0.421137627793838
"842",2019-06-28,0.42587,179,0.420926828912455
"843",2019-06-29,0.42175,180,0.420716135545672
"844",2019-06-30,0.41932,181,0.420505547640675
"845",2019-07-01,0.42091,182,0.420295065144674
"846",2019-07-02,0.42071,183,0.420084688004907
"847",2019-07-03,0.42056,184,0.41987441616864
"848",2019-07-04,0.42002,185,0.419664249583162
"849",2019-07-05,0.41552,186,0.419454188195791
"850",2019-07-06,0.4208,187,0.41924423195387
"851",2019-07-07,0.42641,188,0.419034380804769
"852",2019-07-08,0.42173,189,0.418824634695885
"853",2019-07-09,0.41978,190,0.418614993574639
"854",2019-07-10,0.42216,191,0.418405457388481
"855",2019-07-11,0.42234,192,0.418196026084885
"856",2019-07-12,0.4209,193,0.417986699611353
"857",2019-07-13,0.42633,194,0.417777477915414
"858",2019-07-14,0.42309,195,0.41756836094462
"859",2019-07-15,0.4235,196,0.417359348646552
"860",2019-07-16,0.41593,197,0.417150440968817
"861",2019-07-17,0.42551,198,0.416941637859046
"862",2019-07-18,0.42091,199,0.4167329392649
"863",2019-07-19,0.41631,200,0.416524345134063
"864",2019-07-20,0.4112,201,0.416315855414246
"865",2019-07-21,0.41756,202,0.416107470053187
"866",2019-07-22,0.42196,203,0.41589918899865
"867",2019-07-23,0.41814,204,0.415691012198423
"868",2019-07-24,0.4161,205,0.415482939600324
"869",2019-07-25,0.41623,206,0.415274971152194
"870",2019-07-26,0.41746,207,0.415067106801901
"871",2019-07-27,0.40718,208,0.41485934649734
"872",2019-07-28,0.41606,209,0.41465169018643
"873",2019-07-29,0.41865,210,0.414444137817119
"874",2019-07-30,0.41759,211,0.414236689337378
"875",2019-07-31,0.41998,212,0.414029344695206
"876",2019-08-01,0.4198,213,0.413822103838627
"877",2019-08-02,0.41882,214,0.413614966715693
"878",2019-08-03,0.41504,215,0.413407933274478
"879",2019-08-04,0.4129,216,0.413201003463087
"880",2019-08-05,0.41528,217,0.412994177229648
"881",2019-08-06,0.41505,218,0.412787454522314
"882",2019-08-07,0.41496,219,0.412580835289266
"883",2019-08-14,0.41765,226,0.412374319478711
"884",2019-08-15,0.41602,227,0.412167907038881
"885",2019-08-16,0.41215,228,0.411961597918034
"886",2019-08-17,0.41274,229,0.411755392064454
"887",2019-08-18,0.41437,230,0.411549289426451
"888",2019-08-19,0.41446,231,0.411343289952361
"889",2019-08-20,0.41329,232,0.411137393590546
"890",2019-08-21,0.41441,233,0.410931600289393
"891",2019-08-22,0.4115,234,0.410725909997315
"892",2019-08-23,0.41735,235,0.410520322662751
"893",2019-08-24,0.41585,236,0.410314838234168
"894",2019-08-25,0.42041,237,0.410109456660054
"895",2019-08-26,0.42084,238,0.409904177888928
"896",2019-08-27,0.41804,239,0.409699001869331
"897",2019-08-28,0.41383,240,0.409493928549832
"898",2019-08-29,0.40995,241,0.409288957879024
"899",2019-08-30,0.40976,242,0.409084089805527
"900",2019-08-31,0.41044,243,0.408879324277986
"901",2019-09-01,0.41067,244,0.408674661245072
"902",2019-09-02,0.41178,245,0.408470100655482
"903",2019-09-03,0.41094,246,0.408265642457938
"904",2019-09-04,0.41142,247,0.408061286601189
"905",2019-09-05,0.41638,248,0.407857033034007
"906",2019-09-06,0.40875,249,0.407652881705193
"907",2019-09-07,0.40986,250,0.407448832563571
"908",2019-09-08,0.40911,251,0.407244885557992
"909",2019-09-09,0.41088,252,0.407041040637332
"910",2019-09-10,0.41075,253,0.406837297750493
"911",2019-09-11,0.41105,254,0.406633656846402
"912",2019-09-12,0.4104,255,0.406430117874012
"913",2019-09-13,0.41266,256,0.406226680782302
"914",2019-09-14,0.41262,257,0.406023345520275
"915",2019-09-15,0.40851,258,0.405820112036961
"916",2019-09-16,0.4082,259,0.405616980281416
"917",2019-09-17,0.40831,260,0.405413950202719
"918",2019-09-18,0.40912,261,0.405211021749976
"919",2019-09-19,0.41351,262,0.40500819487232
"920",2019-09-20,0.41301,263,0.404805469518907
"921",2019-09-21,0.41264,264,0.40460284563892
"922",2019-09-22,0.40637,265,0.404400323181566
"923",2019-09-23,0.41481,266,0.404197902096078
"924",2019-09-24,0.40632,267,0.403995582331717
"925",2019-09-25,0.40292,268,0.403793363837764
"926",2019-09-26,0.41518,269,0.403591246563531
"927",2019-09-27,0.40855,270,0.403389230458351
"928",2019-09-28,0.41055,271,0.403187315471585
"929",2019-09-29,0.40746,272,0.402985501552619
"930",2019-09-30,0.41066,273,0.402783788650863
"931",2019-10-01,0.40646,274,0.402582176715754
"932",2019-10-02,0.40633,275,0.402380665696753
"933",2019-10-03,0.40349,276,0.402179255543347
"934",2019-10-04,0.40835,277,0.401977946205048
"935",2019-10-05,0.40829,278,0.401776737631393
"936",2019-10-06,0.41082,279,0.401575629771946
"937",2019-10-07,0.41052,280,0.401374622576293
"938",2019-10-08,0.40777,281,0.401173715994049
"939",2019-10-09,0.40883,282,0.400972909974851
"940",2019-10-10,0.41127,283,0.400772204468363
"941",2019-10-11,0.40521,284,0.400571599424273
"942",2019-10-12,0.4065,285,0.400371094792296
"943",2019-10-13,0.40486,286,0.400170690522171
"944",2019-10-14,0.39825,287,0.399970386563662
"945",2019-10-15,0.40139,288,0.399770182866558
"946",2019-10-16,0.40804,289,0.399570079380674
"947",2019-10-17,0.39691,290,0.399370076055849
"948",2019-10-18,0.39626,291,0.39610800831906
"949",2019-10-19,0.4003,292,0.392861466965057
"950",2019-10-20,0.39871,293,0.389630507427144
"951",2019-10-21,0.39888,294,0.386415183373749
"952",2019-10-22,0.39569,295,0.383215546716821
"953",2019-10-23,0.38466,296,0.380031647620394
"954",2019-10-24,0.38147,297,0.376863534509332
"955",2019-10-25,0.38768,298,0.373711254078243
"956",2019-10-26,0.3889,299,0.370574851300564
"957",2019-10-27,0.37612,300,0.36745436943781
"958",2019-10-28,0.36537,301,0.364349850048992
"959",2019-10-29,0.36338,302,0.361261333000187
"960",2019-10-30,0.36283,303,0.358188856474274
"961",2019-10-31,0.3638,304,0.355132456980817
"962",2019-11-01,0.35412,305,0.352092169366108
"963",2019-11-02,0.35335,306,0.349068026823348
"964",2019-11-03,0.3485,307,0.346060060902983
"965",2019-11-04,0.35144,308,0.343068301523181
"966",2019-11-05,0.3523,309,0.340092776980443
"967",2019-11-06,0.34531,310,0.337133513960355
"968",2019-11-07,0.35214,311,0.337249530112188
"969",2019-11-08,0.34483,312,0.337365525958653
"970",2019-11-09,0.34428,313,0.337481501503306
"971",2019-11-10,0.33915,314,0.337597456749698
"972",2019-11-11,0.33742,315,0.337713391701382
"973",2019-11-12,0.34731,316,0.337829306361911
"974",2019-11-13,0.34176,317,0.337945200734836
"975",2019-11-14,0.34009,318,0.338061074823708
"976",2019-11-15,0.33383,319,0.338176928632076
"977",2019-11-16,0.33637,320,0.33829276216349
"978",2019-11-17,0.33242,321,0.3384085754215
"979",2019-11-18,0.33569,322,0.338524368409654
"980",2019-11-19,0.33512,323,0.338640141131498
"981",2019-11-20,0.33386,324,0.338755893590581
"982",2019-11-21,0.3361,325,0.338871625790449
"983",2019-11-22,0.34445,326,0.338987337734647
"984",2019-11-23,0.3494,327,0.339103029426721
"985",2019-11-24,0.34004,328,0.339218700870215
"986",2019-11-25,0.33844,329,0.339334352068673
"987",2019-11-26,0.34132,330,0.339449983025639
"988",2019-11-27,0.34792,331,0.339565593744655
"989",2019-11-28,0.34469,332,0.339681184229263
"990",2019-11-29,0.34734,333,0.339796754483005
"991",2019-11-30,0.35034,334,0.339912304509421
"992",2019-12-01,0.34911,335,0.340027834312053
"993",2019-12-02,0.34878,336,0.340143343894438
"994",2019-12-03,0.3472,337,0.340258833260118
"995",2019-12-04,0.34561,338,0.340374302412629
"996",2019-12-05,0.34584,339,0.340489751355509
"997",2019-12-06,0.34837,340,0.340605180092297
"998",2019-12-07,0.34545,341,0.340720588626527
"999",2019-12-08,0.34602,342,0.340835976961736
"1000",2019-12-09,0.34914,343,0.34095134510146
"1001",2019-12-10,0.35247,344,0.341066693049233
"1002",2019-12-11,0.3476,345,0.341182020808589
"1003",2019-12-12,0.34571,346,0.341297328383061
"1004",2019-12-13,0.34947,347,0.341412615776183
"1005",2019-12-14,0.34858,348,0.341527882991485
"1006",2019-12-15,0.3462,349,0.341643130032501
"1007",2019-12-16,0.34895,350,0.341758356902761
"1008",2019-12-17,0.35174,351,0.341873563605795
"1009",2019-12-18,0.3457,352,0.341988750145133
"1010",2019-12-19,0.34556,353,0.342103916524304
"1011",2019-12-20,0.34656,354,0.342219062746836
"1012",2019-12-21,0.34738,355,0.342334188816258
"1013",2019-12-22,0.34843,356,0.342449294736097
"1014",2019-12-23,0.35122,357,0.342564380509878
"1015",2019-12-24,0.34694,358,0.342679446141129
"1016",2019-12-25,0.34656,359,0.342794491633375
"1017",2019-12-26,0.34663,360,0.342909516990139
"1018",2019-12-27,0.3482,361,0.343024522214948
"1019",2019-12-29,0.34798,363,0.343139507311323
"1020",2019-12-30,0.34635,364,0.343254472282788
"1021",2019-12-31,0.34573,365,0.343369417132866
"1022",2020-01-01,0.34652,1,0.343484341865077
"1023",2020-01-02,0.34856,2,0.343599246482944
"1024",2020-01-03,0.35295,3,0.343714130989986
"1025",2020-01-04,0.34931,4,0.343828995389723
"1026",2020-01-05,0.34685,5,0.343943839685675
"1027",2020-01-06,0.34609,6,0.34405866388136
"1028",2020-01-07,0.34752,7,0.344173467980296
"1029",2020-01-08,0.3464,8,0.344288251986001
"1030",2020-01-09,0.34721,9,0.34440301590199
"1031",2020-01-10,0.34984,10,0.344517759731781
"1032",2020-01-11,0.34947,11,0.344632483478889
"1033",2020-01-12,0.34654,12,0.344747187146829
"1034",2020-01-13,0.34869,13,0.344861870739115
"1035",2020-01-14,0.35136,14,0.344976534259261
"1036",2020-01-15,0.35177,15,0.345091177710779
"1037",2020-01-16,0.34957,16,0.345205801097183
"1038",2020-01-17,0.34801,17,0.345320404421984
"1039",2020-01-18,0.34858,18,0.345434987688693
"1040",2020-01-19,0.34842,19,0.345549550900822
"1041",2020-01-20,0.34892,20,0.345664094061879
"1042",2020-01-21,0.34827,21,0.345778617175374
"1043",2020-01-22,0.3469,22,0.345893120244817
"1044",2020-01-23,0.34853,23,0.346007603273715
"1045",2020-01-24,0.35006,24,0.346122066265575
"1046",2020-01-25,0.34797,25,0.346236509223906
"1047",2020-01-26,0.34799,26,0.346350932152212
"1048",2020-01-27,0.34978,27,0.346465335054
"1049",2020-01-28,0.34734,28,0.346579717932775
"1050",2020-01-29,0.3482,29,0.346694080792041
"1051",2020-01-30,0.3482,30,0.346808423635302
"1052",2020-01-31,0.34779,31,0.346922746466061
"1053",2020-02-01,0.34862,32,0.347037049287821
"1054",2020-02-02,0.34664,33,0.347151332104084
"1055",2020-02-03,0.34881,34,0.347265594918352
"1056",2020-02-04,0.3504,35,0.347379837734125
"1057",2020-02-05,0.35434,36,0.347494060554903
"1058",2020-02-06,0.35608,37,0.347608263384186
"1059",2020-02-07,0.35053,38,0.347722446225473
"1060",2020-02-08,0.35175,39,0.347836609082262
"1061",2020-02-09,0.34723,40,0.347950751958051
"1062",2020-02-10,0.35156,41,0.348064874856336
"1063",2020-02-11,0.35278,42,0.348178977780616
"1064",2020-02-12,0.35272,43,0.348293060734385
"1065",2020-02-13,0.35195,44,0.348407123721138
"1066",2020-02-14,0.34837,45,0.348521166744371
"1067",2020-02-15,0.34572,46,0.348635189807577
"1068",2020-02-16,0.34856,47,0.34874919291425
"1069",2020-02-17,0.3491,48,0.348863176067883
"1070",2020-02-18,0.35235,49,0.348977139271967
"1071",2020-02-19,0.35065,50,0.349091082529995
"1072",2020-02-20,0.35399,51,0.349205005845458
"1073",2020-02-21,0.35054,52,0.349318909221845
"1074",2020-02-22,0.34662,53,0.349432792662647
"1075",2020-02-23,0.34877,54,0.349546656171353
"1076",2020-02-24,0.35105,55,0.349660499751452
"1077",2020-02-25,0.35041,56,0.34977432340643
"1078",2020-02-26,0.34946,57,0.349888127139776
"1079",2020-02-27,0.34708,58,0.350001910954977
"1080",2020-02-28,0.34861,59,0.350115674855518
"1081",2020-02-29,0.34636,60,0.350229418844885
"1082",2020-03-01,0.34851,61,0.350343142926563
"1083",2020-03-02,0.34952,62,0.350456847104036
"1084",2020-03-03,0.35436,63,0.350570531380788
"1085",2020-03-04,0.34827,64,0.350684195760301
"1086",2020-03-05,0.34903,65,0.350797840246059
"1087",2020-03-06,0.34823,66,0.350911464841544
"1088",2020-03-07,0.346,67,0.351025069550235
"1089",2020-03-08,0.34721,68,0.351138654375615
"1090",2020-03-09,0.34846,69,0.351252219321163
"1091",2020-03-10,0.34924,70,0.351365764390358
"1092",2020-03-11,0.34887,71,0.35147928958668
"1093",2020-03-12,0.3496,72,0.351592794913605
"1094",2020-03-13,0.35277,73,0.351706280374613
"1095",2020-03-14,0.34975,74,0.35181974597318
"1096",2020-03-15,0.35136,75,0.351933191712782
"1097",2020-03-16,0.35007,76,0.352046617596896
"1098",2020-03-17,0.35102,77,0.352160023628996
"1099",2020-03-19,0.35088,79,0.352273409812556
"1100",2020-03-20,0.35329,80,0.352386776151051
"1101",2020-03-21,0.35226,81,0.352500122647954
"1102",2020-03-22,0.35053,82,0.352613449306738
"1103",2020-03-23,0.35303,83,0.352726756130875
"1104",2020-03-24,0.35408,84,0.352840043123836
"1105",2020-03-25,0.35195,85,0.352953310289093
"1106",2020-03-26,0.35114,86,0.353066557630114
"1107",2020-03-27,0.35378,87,0.353179785150372
"1108",2020-03-28,0.35732,88,0.353292992853333
"1109",2020-03-29,0.36043,89,0.353406180742467
"1110",2020-03-30,0.36029,90,0.353519348821242
"1111",2020-03-31,0.36504,91,0.353632497093124
"1112",2020-04-01,0.36202,92,0.353745625561581
"1113",2020-04-02,0.36353,93,0.353858734230079
"1114",2020-04-03,0.36316,94,0.353971823102082
"1115",2020-04-04,0.36319,95,0.354084892181057
"1116",2020-04-05,0.36887,96,0.354197941470466
"1117",2020-04-06,0.37713,97,0.354310970973774
"1118",2020-04-07,0.37817,98,0.354423980694443
"1119",2020-04-08,0.3891,99,0.354536970635936
"1120",2020-04-09,0.38909,100,0.354649940801715
"1121",2020-04-10,0.38832,101,0.357436940061363
"1122",2020-04-11,0.38937,102,0.360239378311869
"1123",2020-04-12,0.39709,103,0.363056949223812
"1124",2020-04-13,0.3971,104,0.365889345849542
"1125",2020-04-14,0.39396,105,0.368736260678347
"1126",2020-04-15,0.39005,106,0.371597385691502
"1127",2020-04-16,0.39536,107,0.374472412417192
"1128",2020-04-17,0.39626,108,0.377361031985282
"1129",2020-04-18,0.40632,109,0.380262935181934
"1130",2020-04-19,0.40223,110,0.383177812504049
"1131",2020-04-20,0.40626,111,0.386105354213528
"1132",2020-04-21,0.4057,112,0.38904525039133
"1133",2020-04-22,0.40671,113,0.391997190991325
"1134",2020-04-23,0.40427,114,0.394960865893917
"1135",2020-04-24,0.40888,115,0.397935964959435
"1136",2020-04-25,0.40837,116,0.400922178081271
"1137",2020-04-26,0.40964,117,0.403919195238763
"1138",2020-04-27,0.40593,118,0.406926706549795
"1139",2020-04-28,0.40867,119,0.40994440232312
"1140",2020-04-29,0.41747,120,0.412971973110378
"1141",2020-04-30,0.41369,121,0.416009109757807
"1142",2020-05-01,0.4122,122,0.419055503457634
"1143",2020-05-02,0.41571,123,0.422110845799129
"1144",2020-05-03,0.41973,124,0.425174828819318
"1145",2020-05-04,0.42303,125,0.428247145053336
"1146",2020-05-05,0.4254,126,0.431327487584416
"1147",2020-05-06,0.42594,127,0.434415550093502
"1148",2020-05-07,0.42239,128,0.437511026908465
"1149",2020-05-08,0.43016,129,0.440613613052933
"1150",2020-05-09,0.42035,130,0.443723004294696
"1151",2020-05-10,0.42201,131,0.443500900386672
"1152",2020-05-11,0.42306,132,0.443278907651936
"1153",2020-05-12,0.4228,133,0.443057026034843
"1154",2020-05-13,0.42688,134,0.442835255479772
"1155",2020-05-14,0.42975,135,0.442613595931133
"1156",2020-05-15,0.44089,136,0.44239204733336
"1157",2020-05-16,0.43769,137,0.442170609630917
"1158",2020-05-17,0.44215,138,0.441949282768298
"1159",2020-05-18,0.44614,139,0.441728066690021
"1160",2020-05-19,0.44588,140,0.441506961340633
"1161",2020-05-20,0.44758,141,0.441285966664709
"1162",2020-05-21,0.4427,142,0.441065082606854
"1163",2020-05-22,0.45098,143,0.440844309111696
"1164",2020-05-23,0.45015,144,0.440623646123894
"1165",2020-05-24,0.44613,145,0.440403093588134
"1166",2020-05-25,0.44446,146,0.44018265144913
"1167",2020-05-26,0.44424,147,0.439962319651623
"1168",2020-05-27,0.44966,148,0.439742098140382
"1169",2020-05-28,0.44792,149,0.439521986860203
"1170",2020-05-29,0.44635,150,0.439301985755912
"1171",2020-05-30,0.44131,151,0.439082094772359
"1172",2020-05-31,0.43941,152,0.438862313854425
"1173",2020-06-01,0.43689,153,0.438642642947015
"1174",2020-06-02,0.44355,154,0.438423081995066
"1175",2020-06-03,0.44273,155,0.438203630943539
"1176",2020-06-04,0.44422,156,0.437984289737423
"1177",2020-06-05,0.44659,157,0.437765058321737
"1178",2020-06-06,0.43898,158,0.437545936641525
"1179",2020-06-07,0.43661,159,0.437326924641859
"1180",2020-06-08,0.44143,160,0.437108022267839
"1181",2020-06-09,0.43597,161,0.436889229464593
"1182",2020-06-10,0.4403,162,0.436670546177274
"1183",2020-06-11,0.44047,163,0.436451972351066
"1184",2020-06-12,0.43437,164,0.436233507931178
"1185",2020-06-13,0.43323,165,0.436015152862848
"1186",2020-06-14,0.44041,166,0.435796907091338
"1187",2020-06-15,0.43377,167,0.435578770561942
"1188",2020-06-16,0.4385,168,0.435360743219979
"1189",2020-06-17,0.43897,169,0.435142825010795
"1190",2020-06-18,0.43764,170,0.434925015879764
"1191",2020-06-19,0.43403,171,0.434707315772288
"1192",2020-06-20,0.43039,172,0.434489724633795
"1193",2020-06-21,0.43481,173,0.434272242409742
"1194",2020-06-22,0.43156,174,0.434054869045611
"1195",2020-06-23,0.43483,175,0.433837604486913
"1196",2020-06-24,0.43472,176,0.433620448679187
"1197",2020-06-25,0.42716,177,0.433403401567996
"1198",2020-06-26,0.43321,178,0.433186463098934
"1199",2020-06-27,0.42195,179,0.432969633217619
"1200",2020-06-28,0.42813,180,0.4327529118697
"1201",2020-06-29,0.43837,181,0.432536299000849
"1202",2020-06-30,0.43263,182,0.432319794556769
"1203",2020-07-01,0.43074,183,0.432103398483187
"1204",2020-07-02,0.42605,184,0.431887110725859
"1205",2020-07-03,0.42821,185,0.431670931230567
"1206",2020-07-04,0.42722,186,0.431454859943122
"1207",2020-07-05,0.42195,187,0.43123889680936
"1208",2020-07-06,0.42527,188,0.431023041775146
"1209",2020-07-07,0.43116,189,0.430807294786371
"1210",2020-07-08,0.42842,190,0.430591655788953
"1211",2020-07-09,0.42545,191,0.430376124728837
"1212",2020-07-10,0.42871,192,0.430160701551995
"1213",2020-07-11,0.42416,193,0.429945386204428
"1214",2020-07-12,0.42696,194,0.429730178632162
"1215",2020-07-13,0.42417,195,0.429515078781249
"1216",2020-07-14,0.42245,196,0.429300086597771
"1217",2020-07-15,0.42344,197,0.429085202027835
"1218",2020-07-16,0.42682,198,0.428870425017575
"1219",2020-07-17,0.42848,199,0.428655755513153
"1220",2020-07-18,0.4255,200,0.428441193460757
"1221",2020-07-19,0.42489,201,0.428226738806603
"1222",2020-07-20,0.42484,202,0.428012391496932
"1223",2020-07-21,0.42407,203,0.427798151478014
"1224",2020-07-22,0.42733,204,0.427584018696145
"1225",2020-07-23,0.42931,205,0.427369993097647
"1226",2020-07-24,0.42533,206,0.427156074628871
"1227",2020-07-25,0.42441,207,0.426942263236193
"1228",2020-07-26,0.42754,208,0.426728558866017
"1229",2020-07-27,0.42618,209,0.426514961464772
"1230",2020-07-28,0.42548,210,0.426301470978916
"1231",2020-07-29,0.42453,211,0.426088087354933
"1232",2020-07-30,0.42896,212,0.425874810539334
"1233",2020-07-31,0.4243,213,0.425661640478655
"1234",2020-08-01,0.42032,214,0.425448577119461
"1235",2020-08-02,0.42624,215,0.425235620408344
"1236",2020-08-03,0.42764,216,0.425022770291921
"1237",2020-08-04,0.42309,217,0.424810026716835
"1238",2020-08-05,0.42555,218,0.424597389629759
"1239",2020-08-06,0.42454,219,0.42438485897739
"1240",2020-08-07,0.42045,220,0.424172434706453
"1241",2020-08-08,0.42045,221,0.423960116763699
"1242",2020-08-09,0.42117,222,0.423747905095905
"1243",2020-08-10,0.42401,223,0.423535799649877
"1244",2020-08-11,0.42185,224,0.423323800372445
"1245",2020-08-12,0.42042,225,0.423111907210466
"1246",2020-08-13,0.42249,226,0.422900120110826
"1247",2020-08-14,0.42624,227,0.422688439020435
"1248",2020-08-15,0.42685,228,0.422476863886231
"1249",2020-08-16,0.4213,229,0.422265394655177
"1250",2020-08-17,0.42121,230,0.422054031274264
"1251",2020-08-18,0.41899,231,0.42184277369051
"1252",2020-08-19,0.42227,232,0.421631621850957
"1253",2020-08-20,0.42392,233,0.421420575702677
"1254",2020-08-21,0.42383,234,0.421209635192765
"1255",2020-08-22,0.42738,235,0.420998800268345
"1256",2020-08-23,0.42493,236,0.420788070876566
"1257",2020-08-24,0.42663,237,0.420577446964605
"1258",2020-08-25,0.42712,238,0.420366928479663
"1259",2020-08-26,0.42048,239,0.42015651536897
"1260",2020-08-27,0.4236,240,0.419946207579782
"1261",2020-08-28,0.42487,241,0.419736005059378
"1262",2020-08-29,0.42322,242,0.419525907755069
"1263",2020-08-30,0.42209,243,0.419315915614188
"1264",2020-08-31,0.4229,244,0.419106028584097
"1265",2020-09-01,0.42172,245,0.418896246612181
"1266",2020-09-02,0.41801,246,0.418686569645855
"1267",2020-09-03,0.42123,247,0.41847699763256
"1268",2020-09-04,0.41837,248,0.418267530519759
"1269",2020-09-05,0.41483,249,0.418058168254948
"1270",2020-09-06,0.41239,250,0.417848910785643
"1271",2020-09-07,0.41602,251,0.41763975805939
"1272",2020-09-08,0.41571,252,0.417430710023761
"1273",2020-09-09,0.4222,253,0.417221766626352
"1274",2020-09-10,0.41653,254,0.417012927814788
"1275",2020-09-11,0.42093,255,0.416804193536718
"1276",2020-09-12,0.42371,256,0.416595563739819
"1277",2020-09-13,0.4221,257,0.416387038371792
"1278",2020-09-14,0.42478,258,0.416178617380367
"1279",2020-09-15,0.41799,259,0.415970300713298
"1280",2020-09-16,0.42206,260,0.415762088318367
"1281",2020-09-17,0.42562,261,0.415553980143379
"1282",2020-09-18,0.41836,262,0.415345976136167
"1283",2020-09-19,0.41282,263,0.415138076244593
"1284",2020-09-20,0.41721,264,0.414930280416539
"1285",2020-09-21,0.41009,265,0.414722588599919
"1286",2020-09-22,0.41406,266,0.414515000742669
"1287",2020-09-23,0.4164,267,0.414307516792753
"1288",2020-09-24,0.41477,268,0.41410013669816
"1289",2020-09-25,0.41821,269,0.413892860406906
"1290",2020-09-26,0.41688,270,0.413685687867033
"1291",2020-09-27,0.41945,271,0.413478619026608
"1292",2020-09-28,0.41328,272,0.413271653833725
"1293",2020-09-29,0.41691,273,0.413064792236504
"1294",2020-09-30,0.40731,274,0.41285803418309
"1295",2020-10-01,0.41006,275,0.412651379621654
"1296",2020-10-02,0.40344,276,0.412444828500395
"1297",2020-10-03,0.40234,277,0.412238380767535
"1298",2020-10-04,0.40807,278,0.412032036371324
"1299",2020-10-05,0.40016,279,0.411825795260036
"1300",2020-10-06,0.39966,280,0.411619657381974
"1301",2020-10-07,0.39733,281,0.411413622685465
"1302",2020-10-08,0.39884,282,0.41120769111886
"1303",2020-10-09,0.39892,283,0.411001862630539
"1304",2020-10-10,0.39946,284,0.410796137168906
"1305",2020-10-11,0.40431,285,0.410590514682392
"1306",2020-10-12,0.39973,286,0.410384995119452
"1307",2020-10-13,0.39681,287,0.41017957842857
"1308",2020-10-14,0.39172,288,0.409974264558252
"1309",2020-10-15,0.39768,289,0.409769053457032
"1310",2020-10-16,0.3941,290,0.40956394507347
"1311",2020-10-17,0.39291,291,0.406218613483855
"1312",2020-10-18,0.3842,292,0.40288920458592
"1313",2020-10-19,0.38137,293,0.399575775227894
"1314",2020-10-20,0.37612,294,0.396278380448086
"1315",2020-10-21,0.37762,295,0.392997073483491
"1316",2020-10-22,0.37481,296,0.389731905778572
"1317",2020-10-23,0.37011,297,0.386482926994233
"1318",2020-10-24,0.36823,298,0.383250185016954
"1319",2020-10-25,0.36623,299,0.380033725968114
"1320",2020-10-26,0.36668,300,0.376833594213473
"1321",2020-10-27,0.36397,301,0.373649832372829
"1322",2020-10-28,0.36798,302,0.370482481329838
"1323",2020-10-29,0.37673,303,0.367331580241989
"1324",2020-10-30,0.37229,304,0.36419716655075
"1325",2020-10-31,0.37049,305,0.361079275991858
"1326",2020-11-01,0.3727,306,0.357977942605768
"1327",2020-11-02,0.36198,307,0.354893198748247
"1328",2020-11-03,0.36139,308,0.351825075101119
"1329",2020-11-04,0.3577,309,0.34877360068315
"1330",2020-11-05,0.35439,310,0.345738802861072
"1331",2020-11-06,0.35062,311,0.345853312898892
"1332",2020-11-07,0.34187,312,0.345967802894947
"1333",2020-11-08,0.33327,313,0.346082272852745
"1334",2020-11-09,0.32908,314,0.346196722775794
"1335",2020-11-10,0.33442,315,0.3463111526676
"1336",2020-11-11,0.33808,316,0.346425562531669
"1337",2020-11-12,0.3491,317,0.346539952371506
"1338",2020-11-13,0.33976,318,0.346654322190616
"1339",2020-11-14,0.34056,319,0.346768671992503
"1340",2020-11-15,0.35068,320,0.346883001780671
"1341",2020-11-16,0.34553,321,0.346997311558621
"1342",2020-11-17,0.34561,322,0.347111601329858
"1343",2020-11-18,0.34562,323,0.347225871097881
"1344",2020-11-19,0.34576,324,0.347340120866192
"1345",2020-11-20,0.34561,325,0.347454350638292
"1346",2020-11-21,0.3454,326,0.34756856041768
"1347",2020-11-22,0.34759,327,0.347682750207855
"1348",2020-11-23,0.34675,328,0.347796920012317
"1349",2020-11-24,0.34591,329,0.347911069834562
"1350",2020-11-25,0.35,330,0.348025199678088
"1351",2020-11-26,0.34705,331,0.348139309546393
"1352",2020-11-27,0.34753,332,0.348253399442971
"1353",2020-11-28,0.34666,333,0.34836746937132
"1354",2020-11-29,0.3487,334,0.348481519334932
"1355",2020-11-30,0.35024,335,0.348595549337303
"1356",2020-12-01,0.34951,336,0.348709559381926
"1357",2020-12-02,0.34675,337,0.348823549472295
"1358",2020-12-03,0.34872,338,0.348937519611902
"1359",2020-12-04,0.3514,339,0.349051469804238
"1360",2020-12-05,0.34677,340,0.349165400052795
"1361",2020-12-06,0.34791,341,0.349279310361064
"1362",2020-12-07,0.35103,342,0.349393200732534
"1363",2020-12-08,0.34694,343,0.349507071170694
"1364",2020-12-09,0.34772,344,0.349620921679035
"1365",2020-12-10,0.34783,345,0.349734752261043
"1366",2020-12-11,0.34749,346,0.349848562920206
"1367",2020-12-12,0.35082,347,0.349962353660011
"1368",2020-12-13,0.34665,348,0.350076124483945
"1369",2020-12-14,0.35032,349,0.350189875395493
"1370",2020-12-15,0.3469,350,0.350303606398141
"1371",2020-12-16,0.3512,351,0.350417317495372
"1372",2020-12-17,0.35129,352,0.350531008690671
"1373",2020-12-18,0.34668,353,0.350644679987521
"1374",2020-12-19,0.34776,354,0.350758331389405
"1375",2020-12-20,0.34898,355,0.350871962899804
"1376",2020-12-21,0.3466,356,0.350985574522201
"1377",2020-12-22,0.34652,357,0.351099166260076
"1378",2020-12-23,0.34837,358,0.351212738116908
"1379",2020-12-24,0.35354,359,0.351326290096179
"1380",2020-12-25,0.35167,360,0.351439822201366
"1381",2020-12-26,0.3496,361,0.351553334435949
"1382",2020-12-27,0.34776,362,0.351666826803405
"1383",2020-12-28,0.35122,363,0.351780299307211
"1384",2020-12-29,0.34812,364,0.351893751950843
"1385",2020-12-30,0.34938,365,0.352007184737779
"1386",2020-12-31,0.35073,1,0.352120597671492
"1387",2021-01-01,0.35296,2,0.352233990755459
"1388",2021-01-02,0.34938,3,0.352347363993152
"1389",2021-01-03,0.3483,4,0.352460717388046
"1390",2021-01-04,0.34814,5,0.352574050943613
"1391",2021-01-05,0.34956,6,0.352687364663327
"1392",2021-01-06,0.34737,7,0.352800658550657
"1393",2021-01-07,0.34808,8,0.352913932609076
"1394",2021-01-08,0.35029,9,0.353027186842055
"1395",2021-01-09,0.35349,10,0.353140421253062
"1396",2021-01-10,0.35033,11,0.353253635845567
"1397",2021-01-11,0.35088,12,0.35336683062304
"1398",2021-01-12,0.34996,13,0.353480005588947
"1399",2021-01-13,0.34603,14,0.353593160746757
"1400",2021-01-14,0.34641,15,0.353706296099936
"1401",2021-01-15,0.3467,16,0.353819411651951
"1402",2021-01-16,0.34927,17,0.353932507406267
"1403",2021-01-17,0.3483,18,0.354045583366349
"1404",2021-01-18,0.34778,19,0.354158639535661
"1405",2021-01-19,0.34863,20,0.354271675917668
"1406",2021-01-20,0.34617,21,0.354384692515833
"1407",2021-01-21,0.35159,22,0.354497689333618
"1408",2021-01-22,0.34863,23,0.354610666374485
"1409",2021-01-23,0.34591,24,0.354723623641896
"1410",2021-01-24,0.34885,25,0.354836561139311
"1411",2021-01-25,0.35137,26,0.354949478870191
"1412",2021-01-26,0.34946,27,0.355062376837995
"1413",2021-01-27,0.34901,28,0.355175255046183
"1414",2021-01-28,0.34699,29,0.355288113498211
"1415",2021-01-29,0.3459,30,0.35540095219754
"1416",2021-01-30,0.34817,31,0.355513771147624
"1417",2021-01-31,0.34959,32,0.355626570351922
"1418",2021-02-01,0.35186,33,0.355739349813888
"1419",2021-02-02,0.35056,34,0.355852109536979
"1420",2021-02-03,0.3468,35,0.355964849524649
"1421",2021-02-04,0.34891,36,0.356077569780352
"1422",2021-02-05,0.34684,37,0.356190270307542
"1423",2021-02-06,0.34804,38,0.356302951109671
"1424",2021-02-07,0.35083,39,0.356415612190192
"1425",2021-02-08,0.34606,40,0.356528253552557
"1426",2021-02-09,0.34879,41,0.356640875200216
"1427",2021-02-10,0.34888,42,0.356753477136621
"1428",2021-02-11,0.35363,43,0.356866059365221
"1429",2021-02-12,0.35343,44,0.356978621889466
"1430",2021-02-13,0.35222,45,0.357091164712803
"1431",2021-02-14,0.35298,46,0.357203687838682
"1432",2021-02-15,0.35333,47,0.357316191270549
"1433",2021-02-16,0.34934,48,0.357428675011852
"1434",2021-02-17,0.3481,49,0.357541139066037
"1435",2021-02-18,0.35223,50,0.35765358343655
"1436",2021-02-19,0.35232,51,0.357766008126835
"1437",2021-02-20,0.34655,52,0.357878413140337
"1438",2021-02-21,0.34686,53,0.3579907984805
"1439",2021-02-22,0.34987,54,0.358103164150768
"1440",2021-02-23,0.34713,55,0.358215510154582
"1441",2021-02-24,0.34717,56,0.358327836495385
"1442",2021-02-25,0.34864,57,0.358440143176619
"1443",2021-02-26,0.35133,58,0.358552430201724
"1444",2021-02-27,0.35111,59,0.358664697574141
"1445",2021-02-28,0.35116,60,0.358776945297308
"1446",2021-03-01,0.35277,61,0.358889173374666
"1447",2021-03-02,0.34813,62,0.359001381809653
"1448",2021-03-03,0.34654,63,0.359113570605706
"1449",2021-03-04,0.34686,64,0.359225739766263
"1450",2021-03-05,0.34688,65,0.35933788929476
"1451",2021-03-06,0.34662,66,0.359450019194633
"1452",2021-03-07,0.34731,67,0.359562129469319
"1453",2021-03-08,0.34622,68,0.359674220122251
"1454",2021-03-09,0.34788,69,0.359786291156864
"1455",2021-03-10,0.34877,70,0.359898342576592
"1456",2021-03-11,0.34967,71,0.360010374384867
"1457",2021-03-12,0.3527,72,0.360122386585123
"1458",2021-03-13,0.35347,73,0.36023437918079
"1459",2021-03-14,0.35103,74,0.360346352175301
"1460",2021-03-15,0.34956,75,0.360458305572085
"1461",2021-03-16,0.35202,76,0.360570239374573
"1462",2021-03-17,0.34998,77,0.360682153586194
"1463",2021-03-18,0.35215,78,0.360794048210377
"1464",2021-03-19,0.35064,79,0.360905923250551
"1465",2021-03-20,0.34613,80,0.361017778710142
"1466",2021-03-21,0.34907,81,0.361129614592579
"1467",2021-03-22,0.34883,82,0.361241430901287
"1468",2021-03-23,0.34912,83,0.361353227639691
"1469",2021-03-24,0.34901,84,0.361465004811219
"1470",2021-03-25,0.36235,85,0.361576762419293
"1471",2021-03-26,0.34947,86,0.361688500467339
"1472",2021-03-27,0.35608,87,0.361800218958779
"1473",2021-03-28,0.35602,88,0.361911917897036
"1474",2021-03-29,0.34864,89,0.362023597285533
"1475",2021-03-30,0.35131,90,0.362135257127692
"1476",2021-03-31,0.35812,91,0.362246897426932
"1477",2021-04-01,0.35531,92,0.362358518186675
"1478",2021-04-02,0.35342,93,0.362470119410341
"1479",2021-04-03,0.35281,94,0.362581701101349
"1480",2021-04-04,0.35431,95,0.362693263263117
"1481",2021-04-05,0.35752,96,0.362804805899063
"1482",2021-04-06,0.36259,97,0.362916329012606
"1483",2021-04-07,0.36483,98,0.363027832607161
"1484",2021-04-08,0.36562,99,0.363139316686145
"1485",2021-04-09,0.37223,100,0.363250781252974
"1486",2021-04-10,0.37905,101,0.366000637049739
"1487",2021-04-11,0.379,102,0.368765726075706
