time,siteID,statistic,gcc_90,forecast,obs_flag,data_assimilation
2021-05-09,HARV,mean,0.33552,1,2,0
2021-05-09,BART,mean,0.36179,1,2,0
2021-05-09,SCBI,mean,0.43049,1,2,0
2021-05-09,STEI,mean,0.36465,1,2,0
2021-05-09,UKFS,mean,0.41864,1,2,0
2021-05-09,GRSM,mean,0.44049,1,2,0
2021-05-09,DELA,mean,0.41334,1,2,0
2021-05-09,CLBJ,mean,0.38678,1,2,0
2021-05-10,HARV,mean,0.33511714285714284,1,2,0
2021-05-11,HARV,mean,0.3398816856316913,1,2,0
2021-05-12,HARV,mean,0.34461208574846686,1,2,0
2021-05-13,HARV,mean,0.3493085878733556,1,2,0
2021-05-14,HARV,mean,0.35397143491897076,1,2,0
2021-05-15,HARV,mean,0.35860086805721664,1,2,0
2021-05-16,HARV,mean,0.3631971267317624,1,2,0
2021-05-17,HARV,mean,0.36776044867042684,1,2,0
2021-05-18,HARV,mean,0.37229106989747385,1,2,0
2021-05-19,HARV,mean,0.3767892247458202,1,2,0
2021-05-20,HARV,mean,0.3812551458691559,1,2,0
2021-05-21,HARV,mean,0.3856890642539771,1,2,0
2021-05-22,HARV,mean,0.39009120923153356,1,2,0
2021-05-23,HARV,mean,0.39446180848969,1,2,0
2021-05-24,HARV,mean,0.39880108808470244,1,2,0
2021-05-25,HARV,mean,0.4031092724529106,1,2,0
2021-05-26,HARV,mean,0.4073865844223459,1,2,0
2021-05-27,HARV,mean,0.41163324522425665,1,2,0
2021-05-28,HARV,mean,0.41584947450455073,1,2,0
2021-05-29,HARV,mean,0.42003549033515597,1,2,0
2021-05-30,HARV,mean,0.4241915092252993,1,2,0
2021-05-31,HARV,mean,0.42831774613270507,1,2,0
2021-06-01,HARV,mean,0.4324144144747131,1,2,0
2021-06-02,HARV,mean,0.43648172613931713,1,2,0
2021-06-03,HARV,mean,0.4405198914961238,1,2,0
2021-06-04,HARV,mean,0.44452911940723383,1,2,0
2021-06-05,HARV,mean,0.4485096172380445,1,2,0
2021-06-06,HARV,mean,0.44785005748095774,1,2,0
2021-06-07,HARV,mean,0.4471998042254636,1,2,0
2021-06-08,HARV,mean,0.44655861146540865,1,2,0
2021-06-09,HARV,mean,0.445926242654346,1,2,0
2021-06-10,HARV,mean,0.4453024702308541,1,2,0
2021-06-11,HARV,mean,0.4446870751731063,1,2,0
2021-06-12,HARV,mean,0.4440798465805624,1,2,0
2021-05-10,BART,mean,0.3547385714285714,1,2,0
2021-05-11,BART,mean,0.3609780852039739,1,2,0
2021-05-12,BART,mean,0.36715726446931646,1,2,0
2021-05-13,BART,mean,0.37327669264395436,1,2,0
2021-05-14,BART,mean,0.3793369475057262,1,2,0
2021-05-15,BART,mean,0.385338601245506,1,2,0
2021-05-16,BART,mean,0.39128222052122763,1,2,0
2021-05-17,BART,mean,0.397168366511387,1,2,0
2021-05-18,BART,mean,0.40299759496802673,1,2,0
2021-05-19,BART,mean,0.4087704562692087,1,2,0
2021-05-20,BART,mean,0.4144874954709791,1,2,0
2021-05-21,BART,mean,0.42014925235883066,1,2,0
2021-05-22,BART,mean,0.425756261498668,1,2,0
2021-05-23,BART,mean,0.43130905228727945,1,2,0
2021-05-24,BART,mean,0.43680814900232107,1,2,0
2021-05-25,BART,mean,0.4422540708518175,1,2,0
2021-05-26,BART,mean,0.44764733202318396,1,2,0
2021-05-27,BART,mean,0.4529884417317742,1,2,0
2021-05-28,BART,mean,0.4582779042689591,1,2,0
2021-05-29,BART,mean,0.45779453156821803,1,2,0
2021-05-30,BART,mean,0.45731958449371285,1,2,0
2021-05-31,BART,mean,0.4568527826507221,1,2,0
2021-06-01,BART,mean,0.4563938592783195,1,2,0
2021-06-02,BART,mean,0.45594256038378,1,2,0
2021-06-03,BART,mean,0.45549864394441325,1,2,0
2021-06-04,BART,mean,0.45506187917062874,1,2,0
2021-06-05,BART,mean,0.4546320458246931,1,2,0
2021-06-06,BART,mean,0.45420893359021197,1,2,0
2021-06-07,BART,mean,0.45379234148788045,1,2,0
2021-06-08,BART,mean,0.45338207733349356,1,2,0
2021-06-09,BART,mean,0.4529779572346083,1,2,0
2021-06-10,BART,mean,0.45257980512260193,1,2,0
2021-06-11,BART,mean,0.45218745231718677,1,2,0
2021-06-12,BART,mean,0.4518007371207223,1,2,0
2021-05-10,SCBI,mean,0.4378842857142857,1,2,0
2021-05-11,SCBI,mean,0.4375815543112167,1,2,0
2021-05-12,SCBI,mean,0.4372828615953667,1,2,0
2021-05-13,SCBI,mean,0.43698810387721165,1,2,0
2021-05-14,SCBI,mean,0.43669718137661084,1,2,0
2021-05-15,SCBI,mean,0.4364099980295346,1,2,0
2021-05-16,SCBI,mean,0.4361264613065602,1,2,0
2021-05-17,SCBI,mean,0.4358464820422879,1,2,0
2021-05-18,SCBI,mean,0.43556997427490013,1,2,0
2021-05-19,SCBI,mean,0.43529685509514876,1,2,0
2021-05-20,SCBI,mean,0.4350270445041149,1,2,0
2021-05-21,SCBI,mean,0.4347604652791379,1,2,0
2021-05-22,SCBI,mean,0.43449704284735774,1,2,0
2021-05-23,SCBI,mean,0.4342367051663579,1,2,0
2021-05-24,SCBI,mean,0.4339793826114381,1,2,0
2021-05-25,SCBI,mean,0.43372500786907886,1,2,0
2021-05-26,SCBI,mean,0.4334735158361958,1,2,0
2021-05-27,SCBI,mean,0.4332248435248104,1,2,0
2021-05-28,SCBI,mean,0.4329789299717924,1,2,0
2021-05-29,SCBI,mean,0.43273571615335366,1,2,0
2021-05-30,SCBI,mean,0.43249514490399726,1,2,0
2021-05-31,SCBI,mean,0.43225716083964627,1,2,0
2021-06-01,SCBI,mean,0.4320217102846967,1,2,0
2021-06-02,SCBI,mean,0.4317887412027576,1,2,0
2021-06-03,SCBI,mean,0.4315582031308563,1,2,0
2021-06-04,SCBI,mean,0.4313300471169038,1,2,0
2021-06-05,SCBI,mean,0.43110422566022905,1,2,0
2021-06-06,SCBI,mean,0.4308806926550022,1,2,0
2021-06-07,SCBI,mean,0.4306594033363816,1,2,0
2021-06-08,SCBI,mean,0.43044031422922835,1,2,0
2021-06-09,SCBI,mean,0.430223383099243,1,2,0
2021-06-10,SCBI,mean,0.43000856890638917,1,2,0
2021-06-11,SCBI,mean,0.4297958317604762,1,2,0
2021-06-12,SCBI,mean,0.4295851328787832,1,2,0
2021-05-10,STEI,mean,0.3622742857142857,1,2,0
2021-05-11,STEI,mean,0.3681879817377484,1,2,0
2021-05-12,STEI,mean,0.37404683945083017,1,2,0
2021-05-13,STEI,mean,0.37985136737481334,1,2,0
2021-05-14,STEI,mean,0.38560206931541025,1,2,0
2021-05-15,STEI,mean,0.3912994444064911,1,2,0
2021-05-16,STEI,mean,0.3969439871534065,1,2,0
2021-05-17,STEI,mean,0.40253618747590814,1,2,0
2021-05-18,STEI,mean,0.40807653075067163,1,2,0
2021-05-19,STEI,mean,0.4135654978534247,1,2,0
2021-05-20,STEI,mean,0.4190035652006852,1,2,0
2021-05-21,STEI,mean,0.4243912047911117,1,2,0
2021-05-22,STEI,mean,0.42972888424647065,1,2,0
2021-05-23,STEI,mean,0.4350170668522239,1,2,0
2021-05-24,STEI,mean,0.4402562115977397,1,2,0
2021-05-25,STEI,mean,0.43973728728195394,1,2,0
2021-05-26,STEI,mean,0.4392282301988917,1,2,0
2021-05-27,STEI,mean,0.4387286829075645,1,2,0
2021-05-28,STEI,mean,0.43823830685483006,1,2,0
2021-05-29,STEI,mean,0.4377567810741067,1,2,0
2021-05-30,STEI,mean,0.43728380099393444,1,2,0
2021-05-31,STEI,mean,0.436819077345461,1,2,0
2021-06-01,STEI,mean,0.43636233515917644,1,2,0
2021-06-02,STEI,mean,0.435913312842304,1,2,0
2021-06-03,STEI,mean,0.4354717613292046,1,2,0
2021-06-04,STEI,mean,0.43503744329798216,1,2,0
2021-06-05,STEI,mean,0.43461013244720637,1,2,0
2021-06-06,STEI,mean,0.4341896128273113,1,2,0
2021-06-07,STEI,mean,0.43377567822179314,1,2,0
2021-06-08,STEI,mean,0.4333681315738305,1,2,0
2021-06-09,STEI,mean,0.4329667844543907,1,2,0
2021-06-10,STEI,mean,0.4325714565682796,1,2,0
2021-06-11,STEI,mean,0.4321819752949382,1,2,0
2021-06-12,STEI,mean,0.4317981752610989,1,2,0
2021-05-10,UKFS,mean,0.4090957142857143,1,2,0
2021-05-11,UKFS,mean,0.4109219641643494,1,2,0
2021-05-12,UKFS,mean,0.4127425698317309,1,2,0
2021-05-13,UKFS,mean,0.4145575487318686,1,2,0
2021-05-14,UKFS,mean,0.4163669182548597,1,2,0
2021-05-15,UKFS,mean,0.4181706957370557,1,2,0
2021-05-16,UKFS,mean,0.41996889846122804,1,2,0
2021-05-17,UKFS,mean,0.4217615436567343,1,2,0
2021-05-18,UKFS,mean,0.4235486484996828,1,2,0
2021-05-19,UKFS,mean,0.4253302301130975,1,2,0
2021-05-20,UKFS,mean,0.42710630556708173,1,2,0
2021-05-21,UKFS,mean,0.4267673637002297,1,2,0
2021-05-22,UKFS,mean,0.42643303277007955,1,2,0
2021-05-23,UKFS,mean,0.4261031924775581,1,2,0
2021-05-24,UKFS,mean,0.4257777271266942,1,2,0
2021-05-25,UKFS,mean,0.4254565253938323,1,2,0
2021-05-26,UKFS,mean,0.42513948011109043,1,2,0
2021-05-27,UKFS,mean,0.4248264880630229,1,2,0
2021-05-28,UKFS,mean,0.4245174497955335,1,2,0
2021-05-29,UKFS,mean,0.42421226943616686,1,2,0
2021-05-30,UKFS,mean,0.4239108545249757,1,2,0
2021-05-31,UKFS,mean,0.4236131158552271,1,2,0
2021-06-01,UKFS,mean,0.4233189673232702,1,2,0
2021-06-02,UKFS,mean,0.42302832578694116,1,2,0
2021-06-03,UKFS,mean,0.4227411109319311,1,2,0
2021-06-04,UKFS,mean,0.4224572451455856,1,2,0
2021-06-05,UKFS,mean,0.4221766533976472,1,2,0
2021-06-06,UKFS,mean,0.4218992631274879,1,2,0
2021-06-07,UKFS,mean,0.42162500413741294,1,2,0
2021-06-08,UKFS,mean,0.42135380849164916,1,2,0
2021-06-09,UKFS,mean,0.4210856104206584,1,2,0
2021-06-10,UKFS,mean,0.4208203462304437,1,2,0
2021-06-11,UKFS,mean,0.42055795421653913,1,2,0
2021-06-12,UKFS,mean,0.42029837458239666,1,2,0
2021-05-10,GRSM,mean,0.44251,1,2,0
2021-05-11,GRSM,mean,0.4445883153645204,1,2,0
2021-05-12,GRSM,mean,0.44411801884385305,1,2,0
2021-05-13,GRSM,mean,0.4436546554176241,1,2,0
2021-05-14,GRSM,mean,0.4431980305691201,1,2,0
2021-05-15,GRSM,mean,0.4427479577598302,1,2,0
2021-05-16,GRSM,mean,0.4423042580015454,1,2,0
2021-05-17,GRSM,mean,0.44186675945666654,1,2,0
2021-05-18,GRSM,mean,0.44143529706452445,1,2,0
2021-05-19,GRSM,mean,0.44100971219171065,1,2,0
2021-05-20,GRSM,mean,0.4405898523045951,1,2,0
2021-05-21,GRSM,mean,0.44017557066236696,1,2,0
2021-05-22,GRSM,mean,0.439766726029078,1,2,0
2021-05-23,GRSM,mean,0.439363182403296,1,2,0
2021-05-24,GRSM,mean,0.43896480876409644,1,2,0
2021-05-25,GRSM,mean,0.4385714788322224,1,2,0
2021-05-26,GRSM,mean,0.4381830708453431,1,2,0
2021-05-27,GRSM,mean,0.43779946734642433,1,2,0
2021-05-28,GRSM,mean,0.4374205549843075,1,2,0
2021-05-29,GRSM,mean,0.43704622432566165,1,2,0
2021-05-30,GRSM,mean,0.4366763696775427,1,2,0
2021-05-31,GRSM,mean,0.4363108889198501,1,2,0
2021-06-01,GRSM,mean,0.43594968334702794,1,2,0
2021-06-02,GRSM,mean,0.4355926575184066,1,2,0
2021-06-03,GRSM,mean,0.43523971911662596,1,2,0
2021-06-04,GRSM,mean,0.43489077881362354,1,2,0
2021-06-05,GRSM,mean,0.43454575014370894,1,2,0
2021-06-06,GRSM,mean,0.43420454938328035,1,2,0
2021-06-07,GRSM,mean,0.4338670954367714,1,2,0
2021-06-08,GRSM,mean,0.4335333097284461,1,2,0
2021-06-09,GRSM,mean,0.4332031160996867,1,2,0
2021-06-10,GRSM,mean,0.43287644071144293,1,2,0
2021-06-11,GRSM,mean,0.4325532119515372,1,2,0
2021-06-12,GRSM,mean,0.4322333603465369,1,2,0
2021-05-10,DELA,mean,0.4208928571428571,1,2,0
2021-05-11,DELA,mean,0.4258122321208341,1,2,0
2021-05-12,DELA,mean,0.4306898181993432,1,2,0
2021-05-13,DELA,mean,0.4304039877715974,1,2,0
2021-05-14,DELA,mean,0.43012089740099124,1,2,0
2021-05-15,DELA,mean,0.4298404968046645,1,2,0
2021-05-16,DELA,mean,0.4295627370554826,1,2,0
2021-05-17,DELA,mean,0.4292875705340122,1,2,0
2021-05-18,DELA,mean,0.42901495088259795,1,2,0
2021-05-19,DELA,mean,0.4287448329614302,1,2,0
2021-05-20,DELA,mean,0.42847717280650177,1,2,0
2021-05-21,DELA,mean,0.42821192758935733,1,2,0
2021-05-22,DELA,mean,0.42794905557854473,1,2,0
2021-05-23,DELA,mean,0.42768851610268227,1,2,0
2021-05-24,DELA,mean,0.4274302695150624,1,2,0
2021-05-25,DELA,mean,0.42717427715971534,1,2,0
2021-05-26,DELA,mean,0.42692050133886095,1,2,0
2021-05-27,DELA,mean,0.4266689052816824,1,2,0
2021-05-28,DELA,mean,0.42641945311435636,1,2,0
2021-05-29,DELA,mean,0.4261721098312813,1,2,0
2021-05-30,DELA,mean,0.4259268412674457,1,2,0
2021-05-31,DELA,mean,0.42568361407188315,1,2,0
2021-06-01,DELA,mean,0.42544239568216374,1,2,0
2021-06-02,DELA,mean,0.42520315429987304,1,2,0
2021-06-03,DELA,mean,0.4249658588670338,1,2,0
2021-06-04,DELA,mean,0.424730479043427,1,2,0
2021-06-05,DELA,mean,0.4244969851847715,1,2,0
2021-06-06,DELA,mean,0.4242653483217244,1,2,0
2021-06-07,DELA,mean,0.42403554013966377,1,2,0
2021-06-08,DELA,mean,0.42380753295922097,1,2,0
2021-06-09,DELA,mean,0.4235812997175283,1,2,0
2021-06-10,DELA,mean,0.4233568139501512,1,2,0
2021-06-11,DELA,mean,0.4231340497736754,1,2,0
2021-06-12,DELA,mean,0.42291298186892057,1,2,0
2021-05-10,CLBJ,mean,0.38916,1,2,0
2021-05-11,CLBJ,mean,0.3889430769726177,1,2,0
2021-05-12,CLBJ,mean,0.38872832016399284,1,2,0
2021-05-13,CLBJ,mean,0.3885156878991454,1,2,0
2021-05-14,CLBJ,mean,0.38830513968331865,1,2,0
2021-05-15,CLBJ,mean,0.3880966361580343,1,2,0
2021-05-16,CLBJ,mean,0.38789013905916886,1,2,0
2021-05-17,CLBJ,mean,0.38768561117694045,1,2,0
2021-05-18,CLBJ,mean,0.3874830163177026,1,2,0
2021-05-19,CLBJ,mean,0.38728231926744866,1,2,0
2021-05-20,CLBJ,mean,0.3870834857569355,1,2,0
2021-05-21,CLBJ,mean,0.3868864824283413,1,2,0
2021-05-22,CLBJ,mean,0.38669127680337734,1,2,0
2021-05-23,CLBJ,mean,0.38649783725277864,1,2,0
2021-05-24,CLBJ,mean,0.38630613296710237,1,2,0
2021-05-25,CLBJ,mean,0.38611613392876737,1,2,0
2021-05-26,CLBJ,mean,0.3859278108852728,1,2,0
2021-05-27,CLBJ,mean,0.38574113532353593,1,2,0
2021-05-28,CLBJ,mean,0.3855560794452944,1,2,0
2021-05-29,CLBJ,mean,0.3853726161435198,1,2,0
2021-05-30,CLBJ,mean,0.3851907189797935,1,2,0
2021-05-31,CLBJ,mean,0.3850103621625981,1,2,0
2021-06-01,CLBJ,mean,0.3848315205264804,1,2,0
2021-06-02,CLBJ,mean,0.38465416951204434,1,2,0
2021-06-03,CLBJ,mean,0.38447828514673454,1,2,0
2021-06-04,CLBJ,mean,0.38430384402637346,1,2,0
2021-06-05,CLBJ,mean,0.384130823297417,1,2,0
2021-06-06,CLBJ,mean,0.3839592006398952,1,2,0
2021-06-07,CLBJ,mean,0.3837889542510067,1,2,0
2021-06-08,CLBJ,mean,0.38362006282933725,1,2,0
2021-06-09,CLBJ,mean,0.38345250555967414,1,2,0
2021-06-10,CLBJ,mean,0.38328626209838906,1,2,0
2021-06-11,CLBJ,mean,0.3831213125593652,1,2,0
2021-06-12,CLBJ,mean,0.3829576375004439,1,2,0
2021-05-09,HARV,sd,2.261595066517881e-4,1,2,0
2021-05-09,BART,sd,2.5850900272484945e-4,1,2,0
2021-05-09,SCBI,sd,0.0014080073341645755,1,2,0
2021-05-09,STEI,sd,5.043460684239608e-4,1,2,0
2021-05-09,UKFS,sd,0.0024707295606020145,1,2,0
2021-05-09,GRSM,sd,0.0010360323956797807,1,2,0
2021-05-09,DELA,sd,0.0019590726252542066,1,2,0
2021-05-09,CLBJ,sd,2.1706609169390114e-4,1,2,0
2021-05-10,HARV,sd,-0.009045601749182385,1,2,0
2021-05-11,HARV,sd,-0.00866917305816518,1,2,0
2021-05-12,HARV,sd,-0.008292744367147973,1,2,0
2021-05-13,HARV,sd,-0.007916315676130768,1,2,0
2021-05-14,HARV,sd,-0.007539886985113563,1,2,0
2021-05-15,HARV,sd,-0.007163458294096357,1,2,0
2021-05-16,HARV,sd,-0.006787029603079153,1,2,0
2021-05-17,HARV,sd,-0.006410600912061946,1,2,0
2021-05-18,HARV,sd,-0.006034172221044741,1,2,0
2021-05-19,HARV,sd,-0.005657743530027535,1,2,0
2021-05-20,HARV,sd,-0.00528131483901033,1,2,0
2021-05-21,HARV,sd,-0.0049048861479931245,1,2,0
2021-05-22,HARV,sd,-0.0045284574569759185,1,2,0
2021-05-23,HARV,sd,-0.0041520287659587134,1,2,0
2021-05-24,HARV,sd,-0.003775600074941507,1,2,0
2021-05-25,HARV,sd,-0.003399171383924302,1,2,0
2021-05-26,HARV,sd,-0.003022742692907097,1,2,0
2021-05-27,HARV,sd,-0.0026463140018898913,1,2,0
2021-05-28,HARV,sd,-0.002269885310872685,1,2,0
2021-05-29,HARV,sd,-0.0018934566198554796,1,2,0
2021-05-30,HARV,sd,-0.0015170279288382743,1,2,0
2021-05-31,HARV,sd,-0.001140599237821069,1,2,0
2021-06-01,HARV,sd,-7.641705468038638e-4,1,2,0
2021-06-02,HARV,sd,-3.877418557866586e-4,1,2,0
2021-06-03,HARV,sd,-1.1313164769451953e-5,1,2,0
2021-06-04,HARV,sd,3.6511552624775333e-4,1,2,0
2021-06-05,HARV,sd,7.415442172649585e-4,1,2,0
2021-06-06,HARV,sd,0.0011179729082821637,1,2,0
2021-06-07,HARV,sd,0.001494401599299369,1,2,0
2021-06-08,HARV,sd,0.0018708302903165757,1,2,0
2021-06-09,HARV,sd,0.002247258981333781,1,2,0
2021-06-10,HARV,sd,0.002623687672350986,1,2,0
2021-06-11,HARV,sd,0.003000116363368193,1,2,0
2021-06-12,HARV,sd,0.0033765450543853967,1,2,0
2021-05-10,BART,sd,-0.008932005219591834,1,2,0
2021-05-11,BART,sd,-0.008555576528574629,1,2,0
2021-05-12,BART,sd,-0.008179147837557424,1,2,0
2021-05-13,BART,sd,-0.007802719146540217,1,2,0
2021-05-14,BART,sd,-0.007426290455523012,1,2,0
2021-05-15,BART,sd,-0.007049861764505807,1,2,0
2021-05-16,BART,sd,-0.006673433073488601,1,2,0
2021-05-17,BART,sd,-0.006297004382471396,1,2,0
2021-05-18,BART,sd,-0.00592057569145419,1,2,0
2021-05-19,BART,sd,-0.005544147000436984,1,2,0
2021-05-20,BART,sd,-0.005167718309419779,1,2,0
2021-05-21,BART,sd,-0.004791289618402574,1,2,0
2021-05-22,BART,sd,-0.004414860927385368,1,2,0
2021-05-23,BART,sd,-0.004038432236368163,1,2,0
2021-05-24,BART,sd,-0.0036620035453509567,1,2,0
2021-05-25,BART,sd,-0.003285574854333751,1,2,0
2021-05-26,BART,sd,-0.002909146163316546,1,2,0
2021-05-27,BART,sd,-0.0025327174722993406,1,2,0
2021-05-28,BART,sd,-0.002156288781282134,1,2,0
2021-05-29,BART,sd,-0.0017798600902649289,1,2,0
2021-05-30,BART,sd,-0.0014034313992477235,1,2,0
2021-05-31,BART,sd,-0.0010270027082305185,1,2,0
2021-06-01,BART,sd,-6.505740172133131e-4,1,2,0
2021-06-02,BART,sd,-2.741453261961079e-4,1,2,0
2021-06-03,BART,sd,1.0228336482109873e-4,1,2,0
2021-06-04,BART,sd,4.78712055838304e-4,1,2,0
2021-06-05,BART,sd,8.551407468555092e-4,1,2,0
2021-06-06,BART,sd,0.0012315694378727145,1,2,0
2021-06-07,BART,sd,0.0016079981288899198,1,2,0
2021-06-08,BART,sd,0.001984426819907126,1,2,0
2021-06-09,BART,sd,0.0023608555109243317,1,2,0
2021-06-10,BART,sd,0.002737284201941537,1,2,0
2021-06-11,BART,sd,0.0031137128929587437,1,2,0
2021-06-12,BART,sd,0.0034901415839759475,1,2,0
2021-05-10,SCBI,sd,0.01129259311253444,1,2,0
2021-05-11,SCBI,sd,0.011669021803551647,1,2,0
2021-05-12,SCBI,sd,0.012045450494568852,1,2,0
2021-05-13,SCBI,sd,0.012421879185586059,1,2,0
2021-05-14,SCBI,sd,0.012798307876603262,1,2,0
2021-05-15,SCBI,sd,0.013174736567620469,1,2,0
2021-05-16,SCBI,sd,0.013551165258637676,1,2,0
2021-05-17,SCBI,sd,0.01392759394965488,1,2,0
2021-05-18,SCBI,sd,0.014304022640672086,1,2,0
2021-05-19,SCBI,sd,0.01468045133168929,1,2,0
2021-05-20,SCBI,sd,0.015056880022706496,1,2,0
2021-05-21,SCBI,sd,0.015433308713723703,1,2,0
2021-05-22,SCBI,sd,0.015809737404740908,1,2,0
2021-05-23,SCBI,sd,0.016186166095758115,1,2,0
2021-05-24,SCBI,sd,0.01656259478677532,1,2,0
2021-05-25,SCBI,sd,0.016939023477792525,1,2,0
2021-05-26,SCBI,sd,0.017315452168809732,1,2,0
2021-05-27,SCBI,sd,0.017691880859826935,1,2,0
2021-05-28,SCBI,sd,0.018068309550844142,1,2,0
2021-05-29,SCBI,sd,0.018444738241861346,1,2,0
2021-05-30,SCBI,sd,0.018821166932878552,1,2,0
2021-05-31,SCBI,sd,0.01919759562389576,1,2,0
2021-06-01,SCBI,sd,0.019574024314912963,1,2,0
2021-06-02,SCBI,sd,0.019950453005930166,1,2,0
2021-06-03,SCBI,sd,0.020326881696947373,1,2,0
2021-06-04,SCBI,sd,0.02070331038796458,1,2,0
2021-06-05,SCBI,sd,0.021079739078981787,1,2,0
2021-06-06,SCBI,sd,0.02145616776999899,1,2,0
2021-06-07,SCBI,sd,0.021832596461016193,1,2,0
2021-06-08,SCBI,sd,0.0222090251520334,1,2,0
2021-06-09,SCBI,sd,0.022585453843050607,1,2,0
2021-06-10,SCBI,sd,0.022961882534067814,1,2,0
2021-06-11,SCBI,sd,0.02333831122508502,1,2,0
2021-06-12,SCBI,sd,0.02371473991610222,1,2,0
2021-05-10,STEI,sd,-0.009067807069479947,1,2,0
2021-05-11,STEI,sd,-0.008691378378462742,1,2,0
2021-05-12,STEI,sd,-0.008314949687445537,1,2,0
2021-05-13,STEI,sd,-0.00793852099642833,1,2,0
2021-05-14,STEI,sd,-0.007562092305411124,1,2,0
2021-05-15,STEI,sd,-0.007185663614393919,1,2,0
2021-05-16,STEI,sd,-0.006809234923376714,1,2,0
2021-05-17,STEI,sd,-0.0064328062323595085,1,2,0
2021-05-18,STEI,sd,-0.0060563775413423025,1,2,0
2021-05-19,STEI,sd,-0.0056799488503250966,1,2,0
2021-05-20,STEI,sd,-0.005303520159307891,1,2,0
2021-05-21,STEI,sd,-0.0049270914682906855,1,2,0
2021-05-22,STEI,sd,-0.0045506627772734795,1,2,0
2021-05-23,STEI,sd,-0.0041742340862562744,1,2,0
2021-05-24,STEI,sd,-0.0037978053952390685,1,2,0
2021-05-25,STEI,sd,-0.0034213767042218634,1,2,0
2021-05-26,STEI,sd,-0.003044948013204658,1,2,0
2021-05-27,STEI,sd,-0.0026685193221874523,1,2,0
2021-05-28,STEI,sd,-0.002292090631170246,1,2,0
2021-05-29,STEI,sd,-0.0019156619401530406,1,2,0
2021-05-30,STEI,sd,-0.0015392332491358353,1,2,0
2021-05-31,STEI,sd,-0.00116280455811863,1,2,0
2021-06-01,STEI,sd,-7.863758671014248e-4,1,2,0
2021-06-02,STEI,sd,-4.099471760842196e-4,1,2,0
2021-06-03,STEI,sd,-3.351848506701302e-5,1,2,0
2021-06-04,STEI,sd,3.429102059501922e-4,1,2,0
2021-06-05,STEI,sd,7.193388969673975e-4,1,2,0
2021-06-06,STEI,sd,0.0010957675879846027,1,2,0
2021-06-07,STEI,sd,0.001472196279001808,1,2,0
2021-06-08,STEI,sd,0.0018486249700190146,1,2,0
2021-06-09,STEI,sd,0.00222505366103622,1,2,0
2021-06-10,STEI,sd,0.002601482352053425,1,2,0
2021-06-11,STEI,sd,0.002977911043070632,1,2,0
2021-06-12,STEI,sd,0.0033543397340878352,1,2,0
2021-05-10,UKFS,sd,-0.007549529735579682,1,2,0
2021-05-11,UKFS,sd,-0.007173101044562477,1,2,0
2021-05-12,UKFS,sd,-0.006796672353545272,1,2,0
2021-05-13,UKFS,sd,-0.006420243662528065,1,2,0
2021-05-14,UKFS,sd,-0.00604381497151086,1,2,0
2021-05-15,UKFS,sd,-0.005667386280493655,1,2,0
2021-05-16,UKFS,sd,-0.00529095758947645,1,2,0
2021-05-17,UKFS,sd,-0.004914528898459244,1,2,0
2021-05-18,UKFS,sd,-0.004538100207442039,1,2,0
2021-05-19,UKFS,sd,-0.004161671516424833,1,2,0
2021-05-20,UKFS,sd,-0.0037852428254076275,1,2,0
2021-05-21,UKFS,sd,-0.003408814134390422,1,2,0
2021-05-22,UKFS,sd,-0.003032385443373216,1,2,0
2021-05-23,UKFS,sd,-0.002655956752356011,1,2,0
2021-05-24,UKFS,sd,-0.002279528061338805,1,2,0
2021-05-25,UKFS,sd,-0.0019030993703215999,1,2,0
2021-05-26,UKFS,sd,-0.0015266706793043946,1,2,0
2021-05-27,UKFS,sd,-0.001150241988287189,1,2,0
2021-05-28,UKFS,sd,-7.738132972699824e-4,1,2,0
2021-05-29,UKFS,sd,-3.9738460625277723e-4,1,2,0
2021-05-30,UKFS,sd,-2.0955915235571966e-5,1,2,0
2021-05-31,UKFS,sd,3.554727757816333e-4,1,2,0
2021-06-01,UKFS,sd,7.319014667988386e-4,1,2,0
2021-06-02,UKFS,sd,0.001108330157816044,1,2,0
2021-06-03,UKFS,sd,0.0014847588488332505,1,2,0
2021-06-04,UKFS,sd,0.0018611875398504554,1,2,0
2021-06-05,UKFS,sd,0.002237616230867661,1,2,0
2021-06-06,UKFS,sd,0.002614044921884866,1,2,0
2021-06-07,UKFS,sd,0.002990473612902071,1,2,0
2021-06-08,UKFS,sd,0.003366902303919278,1,2,0
2021-06-09,UKFS,sd,0.003743330994936483,1,2,0
2021-06-10,UKFS,sd,0.0041197596859536886,1,2,0
2021-06-11,UKFS,sd,0.004496188376970895,1,2,0
2021-06-12,UKFS,sd,0.004872617067988099,1,2,0
2021-05-10,GRSM,sd,-0.0043826545284298205,1,2,0
2021-05-11,GRSM,sd,-0.0040062258374126145,1,2,0
2021-05-12,GRSM,sd,-0.0036297971463954094,1,2,0
2021-05-13,GRSM,sd,-0.003253368455378203,1,2,0
2021-05-14,GRSM,sd,-0.0028769397643609975,1,2,0
2021-05-15,GRSM,sd,-0.0025005110733437924,1,2,0
2021-05-16,GRSM,sd,-0.0021240823823265873,1,2,0
2021-05-17,GRSM,sd,-0.001747653691309382,1,2,0
2021-05-18,GRSM,sd,-0.001371225000292176,1,2,0
2021-05-19,GRSM,sd,-9.9479630927497e-4,1,2,0
2021-05-20,GRSM,sd,-6.183676182577647e-4,1,2,0
2021-05-21,GRSM,sd,-2.419389272405595e-4,1,2,0
2021-05-22,GRSM,sd,1.3448976377664643e-4,1,2,0
2021-05-23,GRSM,sd,5.109184547938516e-4,1,2,0
2021-05-24,GRSM,sd,8.873471458110576e-4,1,2,0
2021-05-25,GRSM,sd,0.001263775836828263,1,2,0
2021-05-26,GRSM,sd,0.0016402045278454682,1,2,0
2021-05-27,GRSM,sd,0.0020166332188626735,1,2,0
2021-05-28,GRSM,sd,0.00239306190987988,1,2,0
2021-05-29,GRSM,sd,0.0027694906008970854,1,2,0
2021-05-30,GRSM,sd,0.0031459192919142905,1,2,0
2021-05-31,GRSM,sd,0.0035223479829314956,1,2,0
2021-06-01,GRSM,sd,0.003898776673948701,1,2,0
2021-06-02,GRSM,sd,0.004275205364965906,1,2,0
2021-06-03,GRSM,sd,0.004651634055983113,1,2,0
2021-06-04,GRSM,sd,0.005028062747000318,1,2,0
2021-06-05,GRSM,sd,0.005404491438017523,1,2,0
2021-06-06,GRSM,sd,0.005780920129034728,1,2,0
2021-06-07,GRSM,sd,0.0061573488200519335,1,2,0
2021-06-08,GRSM,sd,0.006533777511069139,1,2,0
2021-06-09,GRSM,sd,0.006910206202086346,1,2,0
2021-06-10,GRSM,sd,0.0072866348931035505,1,2,0
2021-06-11,GRSM,sd,0.007663063584120757,1,2,0
2021-06-12,GRSM,sd,0.008039492275137962,1,2,0
2021-05-10,DELA,sd,0.002049251023573377,1,2,0
2021-05-11,DELA,sd,0.002425679714590582,1,2,0
2021-05-12,DELA,sd,0.0028021084056077876,1,2,0
2021-05-13,DELA,sd,0.003178537096624994,1,2,0
2021-05-14,DELA,sd,0.0035549657876421995,1,2,0
2021-05-15,DELA,sd,0.003931394478659405,1,2,0
2021-05-16,DELA,sd,0.00430782316967661,1,2,0
2021-05-17,DELA,sd,0.004684251860693815,1,2,0
2021-05-18,DELA,sd,0.005060680551711021,1,2,0
2021-05-19,DELA,sd,0.005437109242728227,1,2,0
2021-05-20,DELA,sd,0.005813537933745432,1,2,0
2021-05-21,DELA,sd,0.006189966624762637,1,2,0
2021-05-22,DELA,sd,0.006566395315779844,1,2,0
2021-05-23,DELA,sd,0.006942824006797048,1,2,0
2021-05-24,DELA,sd,0.007319252697814254,1,2,0
2021-05-25,DELA,sd,0.00769568138883146,1,2,0
2021-05-26,DELA,sd,0.008072110079848665,1,2,0
2021-05-27,DELA,sd,0.00844853877086587,1,2,0
2021-05-28,DELA,sd,0.008824967461883076,1,2,0
2021-05-29,DELA,sd,0.009201396152900282,1,2,0
2021-05-30,DELA,sd,0.009577824843917488,1,2,0
2021-05-31,DELA,sd,0.009954253534934693,1,2,0
2021-06-01,DELA,sd,0.010330682225951899,1,2,0
2021-06-02,DELA,sd,0.010707110916969104,1,2,0
2021-06-03,DELA,sd,0.01108353960798631,1,2,0
2021-06-04,DELA,sd,0.011459968299003516,1,2,0
2021-06-05,DELA,sd,0.01183639699002072,1,2,0
2021-06-06,DELA,sd,0.012212825681037928,1,2,0
2021-06-07,DELA,sd,0.012589254372055131,1,2,0
2021-06-08,DELA,sd,0.012965683063072338,1,2,0
2021-06-09,DELA,sd,0.013342111754089541,1,2,0
2021-06-10,DELA,sd,0.013718540445106748,1,2,0
2021-06-11,DELA,sd,0.014094969136123955,1,2,0
2021-06-12,DELA,sd,0.014471397827141158,1,2,0
2021-05-10,CLBJ,sd,-0.0059559299281385985,1,2,0
2021-05-11,CLBJ,sd,-0.0055795012371213934,1,2,0
2021-05-12,CLBJ,sd,-0.005203072546104188,1,2,0
2021-05-13,CLBJ,sd,-0.0048266438550869815,1,2,0
2021-05-14,CLBJ,sd,-0.004450215164069776,1,2,0
2021-05-15,CLBJ,sd,-0.004073786473052571,1,2,0
2021-05-16,CLBJ,sd,-0.003697357782035366,1,2,0
2021-05-17,CLBJ,sd,-0.0033209290910181603,1,2,0
2021-05-18,CLBJ,sd,-0.0029445004000009547,1,2,0
2021-05-19,CLBJ,sd,-0.0025680717089837488,1,2,0
2021-05-20,CLBJ,sd,-0.0021916430179665432,1,2,0
2021-05-21,CLBJ,sd,-0.0018152143269493382,1,2,0
2021-05-22,CLBJ,sd,-0.0014387856359321322,1,2,0
2021-05-23,CLBJ,sd,-0.0010623569449149269,1,2,0
2021-05-24,CLBJ,sd,-6.859282538977209e-4,1,2,0
2021-05-25,CLBJ,sd,-3.094995628805157e-4,1,2,0
2021-05-26,CLBJ,sd,6.692912813668954e-5,1,2,0
2021-05-27,CLBJ,sd,4.433578191538948e-4,1,2,0
2021-05-28,CLBJ,sd,8.197865101711014e-4,1,2,0
2021-05-29,CLBJ,sd,0.0011962152011883067,1,2,0
2021-05-30,CLBJ,sd,0.001572643892205512,1,2,0
2021-05-31,CLBJ,sd,0.0019490725832227171,1,2,0
2021-06-01,CLBJ,sd,0.0023255012742399222,1,2,0
2021-06-02,CLBJ,sd,0.0027019299652571277,1,2,0
2021-06-03,CLBJ,sd,0.003078358656274334,1,2,0
2021-06-04,CLBJ,sd,0.0034547873472915397,1,2,0
2021-06-05,CLBJ,sd,0.0038312160383087448,1,2,0
2021-06-06,CLBJ,sd,0.00420764472932595,1,2,0
2021-06-07,CLBJ,sd,0.004584073420343155,1,2,0
2021-06-08,CLBJ,sd,0.004960502111360362,1,2,0
2021-06-09,CLBJ,sd,0.005336930802377567,1,2,0
2021-06-10,CLBJ,sd,0.005713359493394772,1,2,0
2021-06-11,CLBJ,sd,0.006089788184411979,1,2,0
2021-06-12,CLBJ,sd,0.006466216875429183,1,2,0
