time,siteID,gcc_90,gcc_sd
2016-12-14,BART,0.34414,0.001039569452480499
2016-12-15,BART,0.3455,6.592856988082311e-4
2016-12-16,BART,0.34211,7.64791078848144e-4
2016-12-17,BART,0.34967,3.298691917616261e-4
2016-12-18,BART,0.34796,4.716282763155805e-4
2016-12-19,BART,0.34269,0.0020664150563974616
2016-12-20,BART,0.34438,1.9072634632812607e-4
2016-12-21,BART,0.34394,0.0018079301508089605
2016-12-22,BART,0.34783,5.210299313741587e-4
2016-12-23,BART,0.34351,3.6862807095212083e-4
2016-12-24,BART,0.34466,3.165483462446142e-4
2016-12-25,BART,0.34308,0.0029573306875474983
2016-12-26,BART,0.34516,2.845760642192822e-4
2016-12-27,BART,0.34554,0.00048039292761025754
2016-12-28,BART,0.34502,5.289122237273137e-4
2016-12-29,BART,0.3515,9.481773613472421e-4
2016-12-30,BART,0.3442,1.8139777578907992e-4
2016-12-31,BART,0.34377,1.6481193239939725e-4
2017-01-01,BART,0.34348,9.227450918264372e-4
2017-01-02,BART,0.34399,0.001797423902167113
2017-01-03,BART,0.34856,2.815144350523728e-4
2017-01-04,BART,0.34547,4.1987179578766487e-4
2017-01-05,BART,0.34393,3.738185983733328e-4
2017-01-06,BART,0.34416,2.162307205042717e-4
2017-01-07,BART,0.34303,1.2976364070485606e-4
2017-01-08,BART,0.34269,3.869938901590227e-4
2017-01-09,BART,0.34335,1.4585427449258096e-4
2017-01-10,BART,0.34527,3.0560779186560787e-4
2017-01-11,BART,0.34339,7.503072567899968e-5
2017-01-12,BART,0.34512,2.4038447095757733e-4
2017-01-13,BART,0.34396,8.577149338533776e-4
2017-01-14,BART,0.33994,0.00321823034144734
2017-01-15,BART,NA,NA
2017-01-16,BART,NA,NA
2017-01-17,BART,NA,NA
2017-01-18,BART,NA,NA
2017-01-19,BART,NA,NA
2017-01-20,BART,NA,NA
2017-01-21,BART,NA,NA
2017-01-22,BART,NA,NA
2017-01-23,BART,NA,NA
2017-01-24,BART,NA,NA
2017-01-25,BART,NA,NA
2017-01-26,BART,NA,NA
2017-01-27,BART,NA,NA
2017-01-28,BART,NA,NA
2017-01-29,BART,NA,NA
2017-01-30,BART,NA,NA
2017-01-31,BART,NA,NA
2017-02-01,BART,NA,NA
2017-02-02,BART,NA,NA
2017-02-03,BART,NA,NA
2017-02-04,BART,NA,NA
2017-02-05,BART,NA,NA
2017-02-06,BART,0.34296,6.280029689257757e-4
2017-02-07,BART,NA,NA
2017-02-08,BART,0.34434,1.3501972644992742e-4
2017-02-09,BART,0.34869,8.986957442964157e-5
2017-02-10,BART,0.34359,4.632510228850881e-4
2017-02-11,BART,0.34585,1.9565921644428864e-4
2017-02-12,BART,0.34865,2.434287692822831e-4
2017-02-13,BART,0.34531,2.6963278808069067e-4
2017-02-14,BART,0.34377,3.132349212944943e-4
2017-02-15,BART,0.34938,4.759995283825473e-4
2017-02-16,BART,0.34393,2.052214334193481e-4
2017-02-17,BART,0.34265,2.540424550731441e-4
2017-02-18,BART,0.34438,5.160071432032133e-4
2017-02-19,BART,0.34465,2.2624855394734778e-4
2017-02-20,BART,0.34316,0.0012762439949687832
2017-02-21,BART,NA,0.01366132860548119
2017-02-22,BART,0.34545,0.0011167516457867277
2017-02-23,BART,0.34517,0.0012806916691493774
2017-02-24,BART,0.34591,1.7785853585226206e-4
2017-02-25,BART,0.34937,3.042031973962804e-4
2017-02-26,BART,0.34397,1.6341411149817158e-4
2017-02-27,BART,0.34569,4.5533571378148614e-4
2017-02-28,BART,0.34573,1.2188672560024862e-4
2017-03-01,BART,0.34895,5.69616857982586e-4
2017-03-02,BART,0.3454,6.382385658503972e-4
2017-03-03,BART,0.34263,1.678564060774062e-4
2017-03-04,BART,0.34309,2.6370559419201377e-4
2017-03-05,BART,0.34208,4.967898993353508e-4
2017-03-06,BART,0.3434,0.00041312668610912567
2017-03-07,BART,0.34767,3.4357496820273633e-4
2017-03-08,BART,0.34434,3.2829521060492194e-4
2017-03-09,BART,0.34427,1.2755870997228666e-4
2017-03-10,BART,0.34346,1.3259593985226397e-4
2017-03-11,BART,0.34296,3.971481274059366e-4
2017-03-12,BART,0.34293,2.376399471675464e-4
2017-03-13,BART,0.34357,1.769615719843863e-4
2017-03-14,BART,0.35167,2.584584599315843e-4
2017-03-15,BART,0.34324,2.097983482746559e-4
2017-03-16,BART,0.34343,2.5374790639530524e-4
2017-03-17,BART,0.34248,5.065652892223297e-4
2017-03-18,BART,0.34261,9.832047732402747e-4
2017-03-19,BART,0.34335,5.763723286422457e-4
2017-03-20,BART,0.34413,4.800626642769184e-4
2017-03-21,BART,NA,0.01839328512373082
2017-03-22,BART,NA,NA
2017-03-23,BART,NA,NA
2017-03-24,BART,NA,NA
2017-03-25,BART,NA,NA
2017-03-26,BART,NA,NA
2017-03-27,BART,0.34497,4.158094147416022e-4
2017-03-28,BART,0.34493,2.755139434969301e-4
2017-03-29,BART,0.34467,1.9899372977507312e-4
2017-03-30,BART,0.34296,8.307989653437942e-4
2017-03-31,BART,0.3459,4.1685749339063274e-4
2017-04-01,BART,0.34889,3.038616636106697e-4
2017-04-02,BART,0.34281,9.418650841467158e-4
2017-04-03,BART,0.3434,3.031175538113369e-4
2017-04-04,BART,0.34975,3.406995210936881e-4
2017-04-05,BART,0.34521,5.037323552386625e-4
2017-04-06,BART,0.34546,3.638917197099607e-4
2017-04-07,BART,0.34739,0.001304254826734878
2017-04-08,BART,0.34442,5.666802719454611e-5
2017-04-09,BART,0.34422,6.125722751193434e-4
2017-04-10,BART,0.34583,2.535505110084652e-4
2017-04-11,BART,0.34682,1.6518274851862302e-4
2017-04-12,BART,0.35028,7.426448883578685e-4
2017-04-13,BART,0.34439,2.019627163005846e-4
2017-04-14,BART,0.34322,0.001245289904121177
2017-04-15,BART,0.34556,2.3643379364107395e-4
2017-04-16,BART,0.34634,3.7666028054306124e-4
2017-04-17,BART,0.34339,4.702932493755017e-4
2017-04-18,BART,0.34301,5.00779351794452e-4
2017-04-19,BART,0.34436,2.041511284938324e-4
2017-04-20,BART,0.34316,1.0093060052555693e-4
2017-04-21,BART,0.33819,4.973577679978007e-4
2017-04-22,BART,0.34187,1.8618763851204815e-4
2017-04-23,BART,0.34106,0.0011366603685663502
2017-04-24,BART,0.34177,8.138487288614536e-4
2017-04-25,BART,0.34165,3.5848142524390006e-4
2017-04-26,BART,0.34146,7.289300730718778e-4
2017-04-27,BART,0.34338,1.504670280513691e-4
2017-04-28,BART,0.34471,0.0010005085596631234
2017-04-29,BART,0.34623,3.5724489970795473e-4
2017-04-30,BART,0.34765,1.903253122676999e-4
2017-05-01,BART,0.34853,1.6075192702054387e-4
2017-05-02,BART,0.34793,7.03216494663878e-4
2017-05-03,BART,0.34847,4.796425471757338e-4
2017-05-04,BART,0.35104,5.551004380529096e-4
2017-05-05,BART,0.3571,5.732399988892379e-4
2017-05-06,BART,0.35867,5.929717906357724e-4
2017-05-07,BART,0.36406,9.31444522212238e-4
2017-05-08,BART,0.36191,0.0011604248766230818
2017-05-09,BART,0.36052,2.4762143258924454e-4
2017-05-10,BART,0.36191,4.1857306143025204e-4
2017-05-11,BART,0.36649,3.9026099900827614e-4
2017-05-12,BART,0.37334,0.0030343522069658287
2017-05-13,BART,0.3811,6.873658693645971e-4
2017-05-14,BART,0.38851,0.0012471439397802465
2017-05-15,BART,0.39281,8.245476523648594e-4
2017-05-16,BART,0.39816,0.0026940553502487734
2017-05-17,BART,0.40713,0.0033258210648052047
2017-05-18,BART,0.42914,0.003523362985407384
2017-05-19,BART,0.44404,9.81664882342486e-4
2017-05-20,BART,0.41617,0.009535733094556088
2017-05-21,BART,0.44072,8.107491562041403e-4
2017-05-22,BART,0.45595,0.0010232002265800504
2017-05-23,BART,0.42852,0.002151291845019876
2017-05-24,BART,0.4487,0.0016448224274854782
2017-05-25,BART,0.46644,0.0025584386262096814
2017-05-26,BART,0.45762,0.0030044924233621952
2017-05-27,BART,0.44521,0.0015097664509209879
2017-05-28,BART,0.44634,0.00433275298259239
2017-05-29,BART,0.46076,4.887449938153805e-4
2017-05-30,BART,0.45908,0.0023766000613120804
2017-05-31,BART,0.45045,4.780482854956237e-4
2017-06-01,BART,0.45089,0.0025716920817363148
2017-06-02,BART,0.44786,0.0017712557519385815
2017-06-03,BART,0.44918,0.0033074648077785866
2017-06-04,BART,0.45019,0.0014193320211009306
2017-06-05,BART,0.46124,0.0011167514111411329
2017-06-06,BART,0.45834,7.544740684741885e-4
2017-06-07,BART,0.44856,0.0037543146063250053
2017-06-08,BART,0.44439,0.0020974496607031354
2017-06-09,BART,0.45373,5.653115810537286e-4
2017-06-10,BART,0.4515,0.0011620458552896802
2017-06-11,BART,0.44344,0.002367922838649088
2017-06-12,BART,0.45729,0.0016470494738737337
2017-06-13,BART,0.45579,0.0011463553682013613
2017-06-14,BART,0.42305,0.004121607884388459
2017-06-15,BART,0.4463,0.005472084724587252
2017-06-16,BART,0.46481,0.0010969212573826643
2017-06-17,BART,0.45699,0.0034751459877718147
2017-06-18,BART,0.45562,0.001360504768271616
2017-06-19,BART,0.46376,0.0023986929216231324
2017-06-20,BART,0.44539,0.002781936390945214
2017-06-21,BART,0.44863,4.3185417795873056e-4
2017-06-22,BART,0.44497,0.0010437447971763255
2017-06-23,BART,0.45626,9.218244775156198e-4
2017-06-24,BART,0.4583,0.0019527069228459774
2017-06-25,BART,0.44629,0.0013059229475347967
2017-06-26,BART,0.4447,0.0013253377544102923
2017-06-27,BART,0.44309,7.291135518069676e-4
2017-06-28,BART,0.44059,0.0015124224198015499
2017-06-29,BART,0.45086,8.93299511213734e-4
2017-06-30,BART,0.44689,0.001065035958001763
2017-07-01,BART,0.4569,0.0022046465940122463
2017-07-02,BART,0.43915,0.0025872405547538928
2017-07-03,BART,0.44266,6.902156125709885e-4
2017-07-04,BART,0.44075,7.621067320397992e-4
2017-07-05,BART,0.43269,0.0050470163624923275
2017-07-06,BART,0.44171,0.00118511494938901
2017-07-07,BART,0.44109,0.0014005524019515493
2017-07-08,BART,0.43959,0.0013200582654116543
2017-07-09,BART,0.43801,0.0023670793102083263
2017-07-10,BART,0.43869,3.9657337175316184e-4
2017-07-11,BART,0.43806,0.0014703151404528525
2017-07-12,BART,0.44225,4.016052834232596e-4
2017-07-13,BART,0.44951,6.419733556680976e-4
2017-07-14,BART,0.44834,6.948317476562427e-4
2017-07-15,BART,0.44166,0.001320194775363843
2017-07-16,BART,0.44304,8.206205755277991e-4
2017-07-17,BART,0.44121,0.0021853659853205113
2017-07-18,BART,0.44179,6.510755939056507e-4
2017-07-19,BART,0.43943,0.0017701316507018078
2017-07-20,BART,0.4379,0.001542766422729651
2017-07-21,BART,0.42539,0.004552980730045225
2017-07-22,BART,0.43863,4.736909592740469e-4
2017-07-23,BART,0.43665,8.530065485309811e-4
2017-07-24,BART,0.44731,7.74875116732115e-4
2017-07-25,BART,0.44343,8.159621849981421e-4
2017-07-26,BART,0.42296,0.003938999961971084
2017-07-27,BART,0.44272,8.797785519141489e-4
2017-07-28,BART,0.43227,0.002058993839976514
2017-07-29,BART,0.42971,0.0010143750664868471
2017-07-30,BART,0.41274,0.006317007319086128
2017-07-31,BART,0.43601,8.33575466754806e-4
2017-08-01,BART,0.41419,0.005352118645957699
2017-08-02,BART,0.43397,0.0012753407978310072
2017-08-03,BART,0.44023,0.0030196566171182566
2017-08-04,BART,0.43552,0.0011336546643308865
2017-08-05,BART,0.44845,0.00088386473362553385
2017-08-06,BART,0.43386,0.0014443821219766416
2017-08-07,BART,0.43587,9.070992061488874e-4
2017-08-08,BART,0.43458,0.0010511546081353024
2017-08-09,BART,0.43196,0.0024380322213303344
2017-08-10,BART,0.43431,4.771479965506027e-4
2017-08-11,BART,0.43383,0.001603278834776044
2017-08-12,BART,0.43549,8.47880911930627e-4
2017-08-13,BART,0.43086,4.069206531489694e-4
2017-08-14,BART,0.41742,0.00495221807175372
2017-08-15,BART,0.43504,0.0020409280402077213
2017-08-16,BART,0.43349,0.003057666096744972
2017-08-17,BART,0.42851,0.00171907280419488
2017-08-18,BART,0.44072,0.0014080904446832113
2017-08-19,BART,0.42927,7.806930557824441e-4
2017-08-20,BART,0.42749,9.004363604295871e-4
2017-08-21,BART,0.42012,0.0030853880515376683
2017-08-22,BART,0.42916,5.033182966623625e-4
2017-08-23,BART,0.42579,0.002114664995034554
2017-08-24,BART,0.42445,0.0017907217534746537
2017-08-25,BART,0.42251,8.636462155965757e-4
2017-08-26,BART,0.42227,0.001669361664633201
2017-08-27,BART,0.41943,0.002538830069628327
2017-08-28,BART,0.40448,0.005558741235428116
2017-08-29,BART,0.41646,2.5636899427288173e-4
2017-08-30,BART,0.41815,0.0012768815554038717
2017-08-31,BART,0.41792,8.458140867754226e-4
2017-09-01,BART,0.41381,0.0012863720490477936
2017-09-02,BART,0.39353,0.0058895131320207605
2017-09-03,BART,0.42157,7.107233498345143e-4
2017-09-04,BART,0.41678,0.0010180909706356278
2017-09-05,BART,0.41497,4.97092657974597e-4
2017-09-06,BART,0.42281,0.0011333651192221243
2017-09-07,BART,0.41763,0.0011677861315239138
2017-09-08,BART,0.4112,0.00213727941656906
2017-09-09,BART,0.40634,0.0032389553541415854
2017-09-10,BART,0.40486,0.0035390889742637284
2017-09-11,BART,0.38728,0.004628777799455785
2017-09-12,BART,0.38312,0.00928235672924605
2017-09-13,BART,0.38073,0.008376821343372177
2017-09-14,BART,0.40128,7.352324624753469e-4
2017-09-15,BART,0.40598,0.0012182765511582457
2017-09-16,BART,0.39778,0.0038189781424686105
2017-09-17,BART,0.4047,9.654800933277923e-4
2017-09-18,BART,0.39954,0.0035718307282720696
2017-09-19,BART,0.40276,7.251087071211268e-4
2017-09-20,BART,0.39969,1.796743721291321e-4
2017-09-21,BART,0.39086,0.003253215252011215
2017-09-22,BART,0.39564,0.003376197968129235
2017-09-23,BART,0.37595,0.009654908520392236
2017-09-24,BART,0.37538,0.014068616855212738
2017-09-25,BART,0.39287,0.0018616866826858436
2017-09-26,BART,0.38322,0.0033143912606346626
2017-09-27,BART,0.37541,0.005070459931640056
2017-09-28,BART,0.39402,0.004095206211946762
2017-09-29,BART,0.37347,0.010189240814582355
2017-09-30,BART,0.3877,0.0010500929436026488
2017-10-01,BART,0.36523,0.012278816919344293
2017-10-02,BART,0.35959,0.011470091580439693
2017-10-03,BART,0.35802,0.007208589445648732
2017-10-04,BART,0.35582,0.011183662600455014
2017-10-05,BART,0.35419,0.007974213119288752
2017-10-06,BART,0.3554,5.172330292340278e-4
2017-10-07,BART,0.35283,8.065360725513283e-4
2017-10-08,BART,0.35221,0.0014003390778883629
2017-10-09,BART,0.35077,8.58667877634686e-4
2017-10-10,BART,0.33841,0.008806845743198288
2017-10-11,BART,0.3402,3.3330791304432827e-4
2017-10-12,BART,0.33303,0.007885721393785619
2017-10-13,BART,0.33345,0.009203720732621217
2017-10-14,BART,0.33869,0.0012844078441850459
2017-10-15,BART,0.34478,0.0033850500816842116
2017-10-16,BART,0.34166,0.0020269811573482605
2017-10-17,BART,0.3339,0.01131238285926948
2017-10-18,BART,0.33212,0.008905630456180006
2017-10-19,BART,0.33613,0.0030102932327165004
2017-10-20,BART,0.32998,0.008866633357821943
2017-10-21,BART,0.32567,0.002828815852642798
2017-10-22,BART,0.32068,0.0024478905621129468
2017-10-23,BART,0.33421,0.0021142241689884106
2017-10-24,BART,0.32767,3.379288658391731e-4
2017-10-25,BART,0.3295,6.999985131179602e-4
2017-10-26,BART,0.33667,0.003810015538079612
2017-10-27,BART,0.33786,0.0030747279511978906
2017-10-28,BART,0.33757,0.0022371437854404284
2017-10-29,BART,0.3375,0.0017522799129903244
2017-10-30,BART,0.34502,0.003050160239618065
2017-10-31,BART,0.34455,0.0012057072316990689
2017-11-01,BART,0.34501,9.111654622470301e-4
2017-11-02,BART,0.34907,4.784444181140471e-4
2017-11-03,BART,0.34737,4.7213159701290394e-4
2017-11-04,BART,0.34478,1.1415117795524396e-4
2017-11-05,BART,0.34669,1.9430840203666662e-4
2017-11-06,BART,0.34771,2.738313766848925e-4
2017-11-07,BART,0.34568,0.0021474128015843167
2017-11-08,BART,0.34359,0.003847042752981206
2017-11-09,BART,0.34483,0.002046261548905865
2017-11-10,BART,0.34477,3.5319037186128853e-4
2017-11-11,BART,0.34332,0.0025297417953262327
2017-11-12,BART,0.34616,1.8990287098452827e-4
2017-11-13,BART,0.34847,6.35262220003101e-4
2017-11-14,BART,0.3461,3.575442886795298e-4
2017-11-15,BART,0.34369,9.88467132400842e-4
2017-11-16,BART,0.34923,3.3183531937343037e-4
2017-11-17,BART,0.34621,2.2112403020632836e-4
2017-11-18,BART,0.34664,4.7433613501355335e-4
2017-11-19,BART,0.34761,7.877454069192939e-4
2017-11-20,BART,0.34547,2.3330563732614667e-4
2017-11-21,BART,0.3448,0.0022471821901925036
2017-11-22,BART,0.34621,5.839323416217306e-4
2017-11-23,BART,0.34618,0.0013123862827315853
2017-11-24,BART,0.34489,0.0010689044736914384
2017-11-25,BART,0.3473,9.596029995444462e-4
2017-11-26,BART,0.34612,3.775689389680635e-4
2017-11-27,BART,0.34715,5.844235953274869e-4
2017-11-28,BART,0.34573,0.0017383083026615363
2017-11-29,BART,0.34549,0.001213707158978257
2017-11-30,BART,NA,NA
2017-12-01,BART,NA,NA
2017-12-02,BART,NA,NA
2017-12-03,BART,NA,NA
2017-12-04,BART,NA,NA
2017-12-05,BART,0.34726,3.453613334063974e-4
2017-12-06,BART,0.3434,0.003018726162283875
2017-12-07,BART,0.34536,1.8704726457148074e-4
2017-12-08,BART,0.34434,4.7908761075141776e-4
2017-12-09,BART,0.34401,8.973907755720364e-5
2017-12-10,BART,0.34502,4.3277349498228125e-4
2017-12-11,BART,0.3459,2.0357240501018412e-4
2017-12-12,BART,0.35064,3.439432796142921e-4
2017-12-13,BART,0.34468,3.9847833014084035e-4
2017-12-14,BART,0.3441,7.338156850271286e-4
2017-12-15,BART,0.34374,9.738494205356076e-4
2017-12-16,BART,0.34509,2.3478053668940193e-4
2017-12-17,BART,0.34311,0.0011242142500431055
2017-12-18,BART,0.34687,2.0280596537537295e-4
2017-12-19,BART,0.34595,1.8632508457761777e-4
2017-12-20,BART,0.34618,4.7114302867535575e-4
2017-12-21,BART,0.34325,0.0012296112702469715
2017-12-22,BART,0.34815,2.943844938241151e-4
2017-12-23,BART,0.34754,4.461899019155712e-4
2017-12-24,BART,0.34456,2.931452965646157e-4
2017-12-25,BART,0.3502,0.0011792037107423705
2017-12-26,BART,0.34573,3.812441159131106e-4
2017-12-27,BART,0.34265,1.1273925850458587e-4
2017-12-28,BART,0.34277,1.603158884254233e-4
2017-12-29,BART,0.345,4.7816195019286553e-4
2017-12-30,BART,0.344,2.572983688487803e-4
2017-12-31,BART,0.34242,1.3997385178551918e-4
2018-01-01,BART,0.34268,3.839203254928432e-4
2018-01-02,BART,0.34329,2.0903602267435234e-4
2018-01-03,BART,0.34551,3.4894177983481897e-4
2018-01-04,BART,0.35132,1.782157600855198e-4
2018-01-05,BART,0.34472,7.423734689135883e-5
2018-01-06,BART,0.3439,2.9756865097118777e-4
2018-01-07,BART,0.34419,5.787571218762183e-4
2018-01-08,BART,0.34613,4.4010086969944865e-4
2018-01-09,BART,0.34606,1.617609082212776e-4
2018-01-10,BART,0.34449,0.0023656734576359573
2018-01-11,BART,0.34732,2.2405481836517305e-4
2018-01-12,BART,0.34971,2.2164830111633056e-4
2018-01-13,BART,0.34635,6.803949633282494e-4
2018-01-14,BART,0.34417,0.0018119194045463024
2018-01-15,BART,0.34564,0.0010912755876327754
2018-01-16,BART,0.34703,2.812004332739771e-4
2018-01-17,BART,0.3467,1.5348831638044812e-4
2018-01-18,BART,0.34422,0.001252432584197335
2018-01-19,BART,0.34548,2.2451874700145122e-4
2018-01-20,BART,0.34593,0.0015314204818549708
2018-01-21,BART,0.34767,3.995895118233036e-4
2018-01-22,BART,0.34841,1.2568454843093105e-4
2018-01-23,BART,0.35029,4.460178471765373e-4
2018-01-24,BART,0.34452,9.911968440594198e-5
2018-01-25,BART,0.34348,5.812263688415547e-4
2018-01-26,BART,0.34413,0.0015640021551214325
2018-01-27,BART,0.34671,1.2853523300032665e-4
2018-01-28,BART,0.34645,2.589341922542617e-4
2018-01-29,BART,0.34601,3.9993171662070995e-4
2018-01-30,BART,0.34402,1.402882513590752e-4
2018-01-31,BART,0.34504,2.4198605205209012e-4
2018-02-01,BART,0.34772,5.587382418066111e-4
2018-02-02,BART,0.34439,9.733601804143394e-5
2018-02-03,BART,0.34437,3.313831717673837e-4
2018-02-04,BART,0.34733,4.87709006582864e-4
2018-02-05,BART,0.34518,4.6137119678680384e-4
2018-02-06,BART,0.3463,3.0071025854106387e-4
2018-02-07,BART,0.34961,1.3616379092541532e-4
2018-02-08,BART,0.34443,6.392188153344333e-4
2018-02-09,BART,0.34518,3.856635209980061e-4
2018-02-10,BART,0.34789,4.2543966022197654e-4
2018-02-11,BART,0.34877,4.804069380456966e-4
2018-02-12,BART,0.34437,9.643301240567249e-4
2018-02-13,BART,0.34416,8.671657092776063e-4
2018-02-14,BART,0.34557,0.0012836756695091634
2018-02-15,BART,0.3465,2.3023501746108316e-4
2018-02-16,BART,0.34622000000000003,1.733680760576159e-4
2018-02-17,BART,0.34549,1.3894647332328834e-4
2018-02-18,BART,0.34519,1.4023022033026502e-4
2018-02-19,BART,0.34612,4.562072568739943e-4
2018-02-20,BART,0.35027,5.40162649729939e-4
2018-02-21,BART,0.3484,3.7282205636776357e-4
2018-02-22,BART,0.34551,6.438912317831664e-5
2018-02-23,BART,0.34634,1.5257491167773224e-4
2018-02-24,BART,0.34611,1.4025776416357554e-4
2018-02-25,BART,0.35188,1.5380688129824444e-4
2018-02-26,BART,0.34911,0.0011297208389144451
2018-02-27,BART,0.34472,5.700936249638954e-4
2018-02-28,BART,0.34749,4.573313825546875e-4
2018-03-01,BART,0.34559,1.5926724556605752e-4
2018-03-02,BART,0.3448,1.1818905643597524e-4
2018-03-03,BART,0.34552,2.2312445872569136e-4
2018-03-04,BART,0.3459,1.9529996185877583e-4
2018-03-05,BART,0.34494,1.2361773863860391e-4
2018-03-06,BART,0.34436,7.643395217374213e-4
2018-03-07,BART,0.34746,7.414354200069004e-4
2018-03-08,BART,0.34841,3.420835701690343e-4
2018-03-09,BART,0.34242,7.401512255848359e-5
2018-03-10,BART,0.34587,4.6201483146085135e-4
2018-03-11,BART,0.34424,8.03118920210477e-5
2018-03-12,BART,0.34485,1.471446268964362e-4
2018-03-13,BART,0.35123,3.605364625337156e-4
2018-03-14,BART,0.34529,9.298502183532557e-5
2018-03-15,BART,0.34475,1.8914911513168923e-4
2018-03-16,BART,0.34514,1.2322904673486978e-4
2018-03-17,BART,0.34402,2.2158660259361389e-4
2018-03-18,BART,0.34289,2.3161553294639097e-4
2018-03-19,BART,0.34297,4.3207577566714935e-4
2018-03-20,BART,0.34344,3.506912800135611e-4
2018-03-21,BART,0.34477,6.852447499593623e-5
2018-03-22,BART,0.34566,1.255005390670603e-4
2018-03-23,BART,0.34492,1.3310106793603212e-4
2018-03-24,BART,0.34518,1.1041092817844179e-4
2018-03-25,BART,0.34471,2.1208640518737037e-4
2018-03-26,BART,0.34381,9.81198440267649e-4
2018-03-27,BART,0.34536,2.2602432955551145e-4
2018-03-28,BART,0.34494,1.6117112720614283e-4
2018-03-29,BART,0.34614,1.218141039386106e-4
2018-03-30,BART,0.34546,2.2142933087426704e-4
2018-03-31,BART,0.3441,8.096500629837733e-5
2018-04-01,BART,0.34559,2.274561729482071e-4
2018-04-02,BART,0.3439,2.4703680631329257e-4
2018-04-03,BART,0.34552,1.0876017428362755e-4
2018-04-04,BART,0.34566,8.73043708142114e-4
2018-04-05,BART,0.34275,2.9605956378087717e-4
2018-04-06,BART,0.34966,0.0010522905046242924
2018-04-07,BART,0.34364,2.039703860057816e-4
2018-04-08,BART,0.34414,1.7116455860501458e-4
2018-04-09,BART,0.34299,7.475784035055199e-5
2018-04-10,BART,0.34452,4.7218553945824006e-5
2018-04-11,BART,0.34455,6.793809006464144e-5
2018-04-12,BART,0.34499,7.425435876714056e-5
2018-04-13,BART,0.34578,1.332898575378101e-4
2018-04-14,BART,0.34708,3.1002310381318573e-4
2018-04-15,BART,0.34618,1.777357864807164e-4
2018-04-16,BART,0.34981,1.7449495636240322e-4
2018-04-17,BART,0.34499,5.69214839108425e-4
2018-04-18,BART,0.34533,8.04578835193296e-5
2018-04-19,BART,0.34507,7.162287857028013e-5
2018-04-20,BART,0.34569,2.820379595236239e-4
2018-04-21,BART,0.34343,4.2325788153998697e-4
2018-04-22,BART,0.34315,3.259830194651104e-4
2018-04-23,BART,0.34366,0.0011841210638602543
2018-04-24,BART,0.34449,1.7870555420032306e-4
2018-04-25,BART,0.34535,2.2489066368402408e-4
2018-04-26,BART,0.34427,2.366224927635404e-4
2018-04-27,BART,0.34467,1.2349638348831894e-4
2018-04-28,BART,0.34408,0.0010779684111838362
2018-04-29,BART,0.34178,8.619380215892697e-4
2018-04-30,BART,0.34237,2.374035787086576e-4
2018-05-01,BART,0.34255,5.25835857061329e-4
2018-05-02,BART,0.34491,4.933905287675834e-4
2018-05-03,BART,0.34748,5.758927408637684e-4
2018-05-04,BART,0.34783,1.0453629386339372e-4
2018-05-05,BART,0.34523,0.0011883251812221003
2018-05-06,BART,0.34886,1.7032043749524677e-4
2018-05-07,BART,0.34667,7.317081173388719e-4
2018-05-08,BART,0.35133,8.100252644082189e-4
2018-05-09,BART,0.36075,0.0010425741731553747
2018-05-10,BART,0.37738,0.0011583789033271729
2018-05-11,BART,0.37637,0.0012773546606090233
2018-05-12,BART,0.38332,0.001190334670140616
2018-05-13,BART,0.38128,8.473564404327502e-4
2018-05-14,BART,0.39383,0.004025374135685395
2018-05-15,BART,0.42939,0.001607096050112034
2018-05-16,BART,0.41544,0.0015596424608589929
2018-05-17,BART,0.42931,0.0015215082398993475
2018-05-18,BART,0.40881,0.0041222352181647225
2018-05-19,BART,0.44777,0.0027158767013129776
2018-05-20,BART,0.4396,0.0017376330282359161
2018-05-21,BART,0.41912,0.008998506508826228
2018-05-22,BART,0.45859,0.001720958963805358
2018-05-23,BART,0.45189,0.003046463885241651
2018-05-24,BART,0.44324,0.002621768689496556
2018-05-25,BART,0.46139,0.001097869922780899
2018-05-26,BART,0.46626,0.0017488890235617363
2018-05-27,BART,0.46354,0.0014697141746278575
2018-05-28,BART,0.45949,0.0010789403153472538
2018-05-29,BART,0.43206,0.006380816081003414
2018-05-30,BART,0.44236,0.002680893279395919
2018-05-31,BART,0.44284,0.0039650604413644696
2018-06-01,BART,0.46096,8.25335924435176e-4
2018-06-02,BART,0.45931,9.653941565759582e-4
2018-06-03,BART,0.42733,0.00517168597165255
2018-06-04,BART,0.46228,0.001672177930186874
2018-06-05,BART,0.45579,6.896977581165539e-4
2018-06-06,BART,0.45072,7.499538478316964e-4
2018-06-07,BART,0.45145,0.0011182717898249746
2018-06-08,BART,0.45032,0.004801942298355391
2018-06-09,BART,0.44859,0.0013014962572958505
2018-06-10,BART,0.43116,0.0030905759914915012
2018-06-11,BART,0.43481,0.003916467462301373
2018-06-12,BART,0.42432,0.0021348421856312943
2018-06-13,BART,0.44735,0.0011237828419754232
2018-06-14,BART,0.44814,3.635962528712842e-4
2018-06-15,BART,0.44724,0.0012099882650805594
2018-06-16,BART,0.43739,0.001886447887173239
2018-06-17,BART,0.44222,0.0017526255038469297
2018-06-18,BART,0.45433,0.0031888725072907976
2018-06-19,BART,0.44847,0.0020255665184872006
2018-06-20,BART,0.44108,0.0013871858083684327
2018-06-21,BART,0.45069,0.0031017920287130397
2018-06-22,BART,0.42509,0.002149223187240325
2018-06-23,BART,0.45415,0.0021396772810259967
2018-06-24,BART,0.45055,6.592184562504501e-4
2018-06-25,BART,0.44739,0.0012270868771532164
2018-06-26,BART,0.41911,0.0018797612566602265
2018-06-27,BART,0.44436,0.001363400970263072
2018-06-28,BART,0.45613,7.258785427160159e-4
2018-06-29,BART,0.45029,0.005851568124033427
2018-06-30,BART,0.44798,0.0011847919304111445
2018-07-01,BART,0.44943,5.754436145004815e-4
2018-07-02,BART,0.44859,2.8513727163151094e-4
2018-07-03,BART,0.44356,0.0021554435478952504
2018-07-04,BART,0.42233,0.005032675843780467
2018-07-05,BART,0.42534,0.0047773882963692465
2018-07-06,BART,0.44688,6.138844536628895e-4
2018-07-07,BART,0.41732,0.0060500442354260876
2018-07-08,BART,0.42261,0.004239900846982738
2018-07-09,BART,0.41747,0.006125600175509669
2018-07-10,BART,0.4386,0.001071697069024216
2018-07-11,BART,0.44128,0.001924289645663603
2018-07-12,BART,0.43944,6.748859422910235e-4
2018-07-13,BART,0.44081,4.897484985548541e-4
2018-07-14,BART,0.44925,0.0012707397453484163
2018-07-15,BART,0.44299,6.588482619275032e-4
2018-07-16,BART,0.43106,0.002201514219155269
2018-07-17,BART,0.44653,5.565926253663829e-4
2018-07-18,BART,0.41639,0.004563464799863343
2018-07-19,BART,0.41563,0.005132373338099311
2018-07-20,BART,0.41546,0.006675026833241179
2018-07-21,BART,0.41754,0.003921339243114757
2018-07-22,BART,0.44982,8.028076049790823e-4
2018-07-23,BART,0.45054,6.778539256283681e-4
2018-07-24,BART,0.44312,0.001036556476502648
2018-07-25,BART,0.44668,0.001050707089613121
2018-07-26,BART,0.44375,7.790803078774689e-4
2018-07-27,BART,0.44144,5.187922430304429e-4
2018-07-28,BART,0.43672,3.4896952442811717e-4
2018-07-29,BART,0.43502,0.0010890649657352089
2018-07-30,BART,0.43051,7.941287678959812e-4
2018-07-31,BART,0.43261,0.0011843520245092593
2018-08-01,BART,0.44582,0.0014590507298394059
2018-08-02,BART,0.43627,0.001004642819054389
2018-08-03,BART,0.44076,4.6650449349281553e-4
2018-08-04,BART,0.44482,0.00260937326911099
2018-08-05,BART,0.41891,0.004669541289187666
2018-08-06,BART,0.41987,0.004089277292567738
2018-08-07,BART,0.43634,0.0012996020263676025
2018-08-08,BART,0.43727,4.148558461215478e-4
2018-08-09,BART,0.43414,0.0012749301061274732
2018-08-10,BART,0.40999,0.007654050634288032
2018-08-11,BART,0.43114,6.723194773259531e-4
2018-08-12,BART,0.4415,4.911439790563146e-4
2018-08-13,BART,0.43953,4.795655346673855e-4
2018-08-14,BART,0.43957,0.001691096432157899
2018-08-15,BART,0.43264,0.0021583009194214523
2018-08-16,BART,0.42863,0.004871628410480005
2018-08-17,BART,0.43332,6.7281236611703e-4
2018-08-18,BART,0.4347,0.0011452967133597424
2018-08-19,BART,0.42239,0.0027772242125061845
2018-08-20,BART,0.4274,0.0024582029199214156
2018-08-21,BART,0.42833,7.632025125103054e-4
2018-08-22,BART,0.43802,0.0010987857075064392
2018-08-23,BART,NA,0.0020528929926286205
2018-08-24,BART,0.4168,0.0039668204393906404
2018-08-25,BART,0.42539,5.747208017811793e-4
2018-08-26,BART,0.42936,7.327662778534343e-4
2018-08-27,BART,0.42848,7.589406247110076e-4
2018-08-28,BART,0.42816,0.0014366071032051906
2018-08-29,BART,0.4247,0.0016748148846840293
2018-08-30,BART,0.42657,7.844561240835891e-4
2018-08-31,BART,0.42352,0.0025526652018337693
2018-09-01,BART,0.42601,0.0028993257555395002
2018-09-02,BART,0.42456,0.0015768014123146794
2018-09-03,BART,0.42399,0.001388582142815807
2018-09-04,BART,0.4176,0.002520158733257962
2018-09-05,BART,0.42391,0.00269864138153302
2018-09-06,BART,0.42708,0.001160710830764088
2018-09-07,BART,0.41412,0.0018496462766084314
2018-09-08,BART,0.4127,0.0010948992731604728
2018-09-09,BART,0.40951,6.505874971351438e-4
2018-09-10,BART,0.41798,0.002311901653511717
2018-09-11,BART,0.41633,6.691590872741995e-4
2018-09-12,BART,0.41692,0.0010895424098478878
2018-09-13,BART,0.41647,0.0018476727729547712
2018-09-14,BART,0.39029,0.012316263427530545
2018-09-15,BART,0.39036,0.01582064932587297
2018-09-16,BART,0.41681,0.0019608762119969446
2018-09-17,BART,0.39858,0.004168800662256779
2018-09-18,BART,0.4147,6.077548273803102e-4
2018-09-19,BART,0.41433,5.245636476235892e-4
2018-09-20,BART,0.41108,9.652900640507606e-4
2018-09-21,BART,0.42279,7.874317025129622e-4
2018-09-22,BART,0.41078,0.001006338265237705
2018-09-23,BART,0.3879,0.012539807247566545
2018-09-24,BART,0.40643,0.001975853442573773
2018-09-25,BART,0.40899,6.342937660364085e-4
2018-09-26,BART,0.4096,8.720063716767751e-4
2018-09-27,BART,0.39189,0.0018268734750599325
2018-09-28,BART,0.39607,0.0033827634880858174
2018-09-29,BART,0.38898,0.005049160625332508
2018-09-30,BART,0.38644,0.0034415213731186782
2018-10-01,BART,0.38477,2.589233942339587e-4
2018-10-02,BART,0.38135,2.666800421815655e-4
2018-10-03,BART,0.37221,9.727507002814066e-4
2018-10-04,BART,0.3654,0.004365258470034062
2018-10-05,BART,0.34567,0.00793230462589274
2018-10-06,BART,0.34822,0.007396922741993493
2018-10-07,BART,0.34279,9.221750739088503e-4
2018-10-08,BART,0.33189,0.002893762575482891
2018-10-09,BART,0.33601,0.005609398537221951
2018-10-10,BART,0.33962,0.0038928884840678094
2018-10-11,BART,0.33339,3.146752105954064e-4
2018-10-12,BART,0.3374,0.0037983739807922064
2018-10-13,BART,0.33798,0.0023523488371048644
2018-10-14,BART,0.33568,0.009632278572146288
2018-10-15,BART,0.34398,0.0012868760693863133
2018-10-16,BART,NA,0.006602423361531579
2018-10-17,BART,0.34606,0.0010679228864616498
2018-10-18,BART,0.34276,0.003790946621322218
2018-10-19,BART,0.33987,0.007947174201936072
2018-10-20,BART,0.34403,0.004842240689800459
2018-10-21,BART,0.33812,6.349051351282673e-4
2018-10-22,BART,0.33971,0.0015621335488650789
2018-10-23,BART,0.33761,0.0017989394721584701
2018-10-24,BART,0.3347,4.920293669682561e-4
2018-10-25,BART,0.33696,0.0010828549001107555
2018-10-26,BART,0.33423,0.005581611679324841
2018-10-27,BART,0.35231,4.7717448184332356e-4
2018-10-28,BART,0.33308,8.892968779563198e-4
2018-10-29,BART,0.34003,0.00220092690204906
2018-10-30,BART,0.33189,0.0015915970672534421
2018-10-31,BART,0.33171,5.729934287474504e-4
2018-11-01,BART,0.33014,3.439661136608341e-4
2018-11-02,BART,0.32733,5.73032048824146e-4
2018-11-03,BART,0.3261,0.002515896881180691
2018-11-04,BART,0.33649,8.429527316256209e-4
2018-11-05,BART,0.33625,1.393554609256323e-4
2018-11-06,BART,0.34154,8.582026220002825e-4
2018-11-07,BART,0.34009,0.0022172564628479084
2018-11-08,BART,0.34121,0.0018275855864824384
2018-11-09,BART,0.34121,0.0031425071464858006
2018-11-10,BART,0.34158,0.0010119356616234598
2018-11-11,BART,0.34289,0.002067692452262396
2018-11-12,BART,0.34351,0.0021116533266226883
2018-11-13,BART,0.35019,8.384859201962455e-4
2018-11-14,BART,0.34456,7.959019281190757e-4
2018-11-15,BART,0.34517,6.870464440826015e-5
2018-11-16,BART,0.35029,2.956932884194778e-4
2018-11-17,BART,0.34563,2.9031826307958494e-4
2018-11-18,BART,0.34482,1.6671103681496652e-4
2018-11-19,BART,0.34575,4.2408417339303124e-4
2018-11-20,BART,0.34893,5.009315012849453e-4
2018-11-21,BART,0.34597,4.519470241666172e-4
2018-11-22,BART,0.34449,1.720601888044674e-4
2018-11-23,BART,0.34398,0.0021005075242883178
2018-11-24,BART,0.34541,1.7692214821952355e-4
2018-11-25,BART,0.34737,6.601187972862187e-4
2018-11-26,BART,0.34844,0.0011982858335036416
2018-11-27,BART,0.3506,5.78413522014297e-4
2018-11-28,BART,NA,NA
2018-11-29,BART,0.3457,1.4303991878963118e-4
2018-11-30,BART,0.34498,0.0015974679500473795
2018-12-01,BART,0.34404,0.0011201394045895678
2018-12-02,BART,0.35029,6.941147717247582e-4
2018-12-03,BART,0.34635,0.001306456884798254
2018-12-04,BART,0.34477,5.34382153252033e-4
2018-12-05,BART,0.34343,0.0010685167528028748
2018-12-06,BART,0.34536,4.0341000564322383e-4
2018-12-07,BART,0.34351,3.379398116921583e-4
2018-12-08,BART,0.34403,0.0013814184111016522
2018-12-09,BART,0.34372,9.744946152247475e-4
2018-12-10,BART,0.3421,0.0020856695200675373
2018-12-11,BART,0.3432,0.0012330697025831722
2018-12-12,BART,0.34525,0.001094116230813984
2018-12-13,BART,0.34279,5.419932012526355e-4
2018-12-14,BART,0.34596,4.5877004866383923e-4
2018-12-15,BART,0.34532,2.771932943795394e-4
2018-12-16,BART,0.34553,1.7921987863504037e-4
2018-12-17,BART,0.34578,6.138026007219713e-4
2018-12-18,BART,0.34699,3.778345518496486e-4
2018-12-19,BART,0.34375,1.0954770836564072e-4
2018-12-20,BART,0.34396,0.0014600550400584193
2018-12-21,BART,0.34818,5.033421054333227e-4
2018-12-22,BART,0.34706,0.001108855104352667
2018-12-23,BART,0.34333,0.00296465991607117
2018-12-24,BART,0.34492,1.4760731136141705e-4
2018-12-25,BART,0.34291,0.002467203232283005
2018-12-26,BART,0.34478,0.0011981532483495612
2018-12-27,BART,0.34362,7.867959733459893e-4
2018-12-28,BART,0.34947,1.771228053167225e-4
2018-12-29,BART,0.34714,5.131279603310146e-4
2018-12-30,BART,0.34488,7.498596069959187e-4
2018-12-31,BART,0.34565,1.1472743920319523e-4
2019-01-01,BART,0.34449,3.5191720037299607e-4
2019-01-02,BART,0.34312,1.0200725064265068e-4
2019-01-03,BART,0.34588,3.7824346117067083e-4
2019-01-04,BART,0.34614,0.0013897283387447532
2019-01-05,BART,0.34552,2.149675817989565e-4
2019-01-06,BART,0.34778,2.450002915450101e-4
2019-01-07,BART,0.34412,0.002066374154238808
2019-01-08,BART,0.34786,5.526839983578434e-4
2019-01-09,BART,0.34957,5.012204390998383e-4
2019-01-10,BART,0.34565,1.5715337627129292e-4
2019-01-11,BART,0.34348,9.782163067835181e-5
2019-01-12,BART,0.34259,0.0011997993029448514
2019-01-13,BART,0.34316,0.0015123875198519968
2019-01-14,BART,0.34335,3.562308498254191e-4
2019-01-15,BART,0.34521,4.997565631874981e-4
2019-01-16,BART,0.34537,2.675212942125223e-4
2019-01-17,BART,0.34296,6.481323560974283e-4
2019-01-18,BART,0.34744,3.0513957997170364e-4
2019-01-19,BART,0.34478,2.8247414546669675e-4
2019-01-20,BART,0.35063,2.0475433164290682e-4
2019-01-21,BART,0.34473,2.477714549288267e-4
2019-01-22,BART,NA,NA
2019-01-23,BART,NA,NA
2019-01-24,BART,NA,NA
2019-01-25,BART,NA,NA
2019-01-26,BART,NA,NA
2019-01-27,BART,NA,NA
2019-01-28,BART,NA,NA
2019-01-29,BART,NA,NA
2019-01-30,BART,NA,NA
2019-01-31,BART,0.34339,1.1224441988766e-4
2019-02-01,BART,NA,NA
2019-02-02,BART,NA,NA
2019-02-03,BART,NA,NA
2019-02-04,BART,0.34447,0
2019-02-05,BART,NA,NA
2019-02-06,BART,NA,NA
2019-02-07,BART,NA,NA
2019-02-08,BART,NA,NA
2019-02-09,BART,NA,NA
2019-02-10,BART,NA,NA
2019-02-11,BART,0.34329,0.0016058881610231408
2019-02-12,BART,0.3438,3.602604500034864e-5
2019-02-13,BART,0.34856,3.0368008139608976e-4
2019-02-14,BART,0.34392,2.812993902211211e-4
2019-02-15,BART,0.35091,4.95359856826427e-4
2019-02-16,BART,0.34462,2.615408814183018e-4
2019-02-17,BART,0.34386,6.804276278449443e-4
2019-02-18,BART,0.34701,2.466308486588948e-4
2019-02-19,BART,0.34262,7.626692117363927e-4
2019-02-20,BART,0.34451,1.127938339608697e-4
2019-02-21,BART,0.34672,7.968907947614336e-4
2019-02-22,BART,0.34381,0.001433114561693785
2019-02-23,BART,0.34476,0.00125588972949581
2019-02-24,BART,0.3534,6.061513934956737e-4
2019-02-25,BART,0.34547,3.5168795073741083e-4
2019-02-26,BART,0.34257,8.463977932920437e-5
2019-02-27,BART,0.34353,1.383594844554473e-4
2019-02-28,BART,0.34297,1.0046338352143313e-4
2019-03-01,BART,0.34349,1.467806860452631e-4
2019-03-02,BART,0.34399,1.0416705578158937e-4
2019-03-03,BART,0.34397,1.6868304295214129e-4
2019-03-04,BART,0.34542,1.547718531600984e-4
2019-03-05,BART,0.34305,7.693970870434892e-4
2019-03-06,BART,0.34314,1.1282192036251024e-4
2019-03-07,BART,0.34343,1.6690234710568742e-4
2019-03-08,BART,0.34336,5.56060375520943e-4
2019-03-09,BART,0.3433,0.0013059231192797621
2019-03-10,BART,0.35115,1.510199338106179e-4
2019-03-11,BART,0.34564,3.9824490260263436e-4
2019-03-12,BART,0.3444,3.3586180102499033e-4
2019-03-13,BART,0.34463,2.199016709758262e-4
2019-03-14,BART,0.34498,6.568330014827225e-5
2019-03-15,BART,0.3465,0.0010110760130087257
2019-03-16,BART,0.34564,2.3675417803351725e-4
2019-03-17,BART,0.3431,1.2422925647070755e-4
2019-03-18,BART,0.34277,2.63052244364704e-4
2019-03-19,BART,0.34286,3.683839639533194e-4
2019-03-20,BART,0.3437,9.698838348282915e-4
2019-03-21,BART,0.34506,8.218609048609377e-5
2019-03-22,BART,0.3499,6.695389790667821e-4
2019-03-23,BART,0.34377,2.664054183735306e-4
2019-03-24,BART,0.3449,1.7071296353343024e-4
2019-03-25,BART,0.34293,0.002033137187416801
2019-03-26,BART,0.34279,0.001608382790766134
2019-03-27,BART,0.34363,0.0016892576392713889
2019-03-28,BART,0.34456,2.7095194543440905e-4
2019-03-29,BART,0.34599,4.45293545006539e-4
2019-03-30,BART,0.34683,1.8247415248886774e-4
2019-03-31,BART,0.34846,4.628527971577299e-4
2019-04-01,BART,0.34301,5.470730817127611e-4
2019-04-02,BART,0.34463,2.7395661506665137e-4
2019-04-03,BART,0.34491,1.0393867108509759e-4
2019-04-04,BART,0.34295,4.976187377533778e-4
2019-04-05,BART,0.34523,1.0630320324622138e-4
2019-04-06,BART,0.34541,6.071096125352143e-4
2019-04-07,BART,0.34612,1.350206333438426e-4
2019-04-08,BART,0.35044,2.5377959262448403e-4
2019-04-09,BART,0.34985,0.0016019082747823986
2019-04-10,BART,0.34401,3.753820366898069e-4
2019-04-11,BART,0.3431,2.895252271268627e-4
2019-04-12,BART,0.34569,1.1349326870267643e-4
2019-04-13,BART,0.34579,1.4130348869850764e-4
2019-04-14,BART,0.34647,1.1900103926831837e-4
2019-04-15,BART,0.34657,6.396640814856372e-4
2019-04-16,BART,0.34481,1.4654511041914227e-4
2019-04-17,BART,0.34331,0.0014005600914619551
2019-04-18,BART,0.34634,1.3411263009508945e-4
2019-04-19,BART,0.34914,6.917802600271894e-4
2019-04-20,BART,0.34803,3.790396786079058e-4
2019-04-21,BART,0.3464,1.3496957329074542e-4
2019-04-22,BART,0.34578,1.0464871460934839e-4
2019-04-23,BART,0.3446,3.657198660289956e-5
2019-04-24,BART,0.3445,9.865813164039791e-5
2019-04-25,BART,0.34298,0.0010610840104076926
2019-04-26,BART,0.34245,4.808745502324065e-4
2019-04-27,BART,0.34207,6.1016812671355625e-5
2019-04-28,BART,0.34161,1.8615632666976756e-4
2019-04-29,BART,0.34046,1.2495422182151361e-4
2019-04-30,BART,0.34155,9.776606815062676e-5
2019-05-01,BART,0.34274,1.585745173444266e-4
2019-05-02,BART,0.33814,4.173033448615711e-4
2019-05-03,BART,0.34291,3.236611379898696e-4
2019-05-04,BART,0.34397,3.074989855632826e-4
2019-05-05,BART,0.34362,5.475175889450618e-5
2019-05-06,BART,0.34217,0.001194050490164143
2019-05-07,BART,0.34618,2.1184823216016769e-4
2019-05-08,BART,0.34262,6.011795806273465e-4
2019-05-09,BART,0.34642,2.893216104713057e-4
2019-05-10,BART,0.34721,8.999977916072645e-4
2019-05-11,BART,0.34698,8.940158570478818e-4
2019-05-12,BART,0.34906,1.1227102048531666e-4
2019-05-13,BART,0.35258,2.1604317406764492e-4
2019-05-14,BART,0.35178,1.0695796618583552e-4
2019-05-15,BART,0.35386,2.0150981137809194e-4
2019-05-16,BART,0.36085,3.3395197992818246e-4
2019-05-17,BART,0.36775,2.7120691400494055e-4
2019-05-18,BART,0.37336,4.858547985829899e-4
2019-05-19,BART,0.37995,0.0051550508548729584
2019-05-20,BART,0.40713,0.001111219824135184
2019-05-21,BART,0.41003,0.0016203746853170424
2019-05-22,BART,0.39828,0.0032420315185616153
2019-05-23,BART,0.42666,0.0030480294336786605
2019-05-24,BART,NA,0.008430280560949707
2019-05-25,BART,0.4323,0.002801161100366069
2019-05-26,BART,0.43885,0.001721083249299818
2019-05-27,BART,0.44209,0.0018341834716720984
2019-05-28,BART,0.45116,0.0012669765392541478
2019-05-29,BART,0.44523,0.0010056027421909983
2019-05-30,BART,0.44478,0.0033007188585617657
2019-05-31,BART,0.4354,0.002840372359895292
2019-06-01,BART,0.44792,5.843575701536785e-4
2019-06-02,BART,0.45613,0.0028647174771836786
2019-06-03,BART,0.44767,0.0014467226206928902
2019-06-04,BART,0.44925,0.0014414561820943268
2019-06-05,BART,0.45583,0.0014142549052921353
2019-06-06,BART,0.45475,0.001294650116472255
2019-06-07,BART,0.43153,0.0047703262768228815
2019-06-08,BART,0.43747,0.0025031850408172842
2019-06-09,BART,0.42801,0.005455839036466959
2019-06-10,BART,0.44929,0.001936573019853505
2019-06-11,BART,0.46188,0.0010952089167955972
2019-06-12,BART,0.4279,0.004312997999687238
2019-06-13,BART,0.45861,9.091486764651715e-4
2019-06-14,BART,0.44846,9.556775726452574e-4
2019-06-15,BART,0.45474,0.0012396618031231116
2019-06-16,BART,0.4599,8.602942534092493e-4
2019-06-17,BART,0.42765,0.004744902377611281
2019-06-18,BART,0.4536,0.0011481378001630593
2019-06-19,BART,0.45067,0.002621252405446916
2019-06-20,BART,0.46202,0.0010950749142205304
2019-06-21,BART,0.45745,8.679765782601307e-4
2019-06-22,BART,0.44972,0.0028616617133463964
2019-06-23,BART,0.43172,0.0019443377169491595
2019-06-24,BART,0.42597,0.0022786081910155707
2019-06-25,BART,0.45876,0.001316265041234283
2019-06-26,BART,0.44916,4.469683895137195e-4
2019-06-27,BART,0.44763,0.002520836065066265
2019-06-28,BART,0.44134,0.0034573565272813067
2019-06-29,BART,0.44838,5.761461846809808e-4
2019-06-30,BART,0.4495,0.0011342405575754068
2019-07-01,BART,0.44089,0.0023907550360605686
2019-07-02,BART,0.44561,0.0014713423530912154
2019-07-03,BART,0.42637,0.0043575255693279556
2019-07-04,BART,0.44185,0.0025660311866016416
2019-07-05,BART,0.43194,0.004335428402012838
2019-07-06,BART,0.45035,0.0012572350760007144
2019-07-07,BART,0.4192,0.005051867753249946
2019-07-08,BART,0.4203,0.00274655870351185
2019-07-09,BART,0.42903,4.1883623071944606e-4
2019-07-10,BART,0.4417,0.0017503787840793489
2019-07-11,BART,0.44407,0.0014302150972807653
2019-07-12,BART,0.44813,0.0016830706540518795
2019-07-13,BART,0.42247,0.0036990861722587458
2019-07-14,BART,0.44277,9.58901583339307e-4
2019-07-15,BART,0.43498,0.001844940468482619
2019-07-16,BART,0.43858,0.0012923701371621741
2019-07-17,BART,0.44636,8.885183493563066e-4
2019-07-18,BART,0.43674,0.0020446770714542314
2019-07-19,BART,0.44207,0.002180518334184403
2019-07-20,BART,0.4376,0.0021961457686462617
2019-07-21,BART,0.4409,6.294232539818086e-4
2019-07-22,BART,0.44429,0.001114144977376038
2019-07-23,BART,0.44543,0.0010645191354766315
2019-07-24,BART,0.4243,0.0037972200424273915
2019-07-25,BART,0.42249,0.0052954581628688055
2019-07-26,BART,0.43604,0.0027614737272932005
2019-07-27,BART,0.43549,7.321133245611564e-4
2019-07-28,BART,0.43578,0.0011334400654824384
2019-07-29,BART,0.43635,0.0029955002727560603
2019-07-30,BART,0.42597,0.00462392685769424
2019-07-31,BART,0.44012,6.94935452589174e-4
2019-08-01,BART,NA,0.04873731639189915
2019-08-02,BART,0.41972,0.0017970442726764398
2019-08-03,BART,0.42586,0.0020942925415012473
2019-08-04,BART,0.42787,0.003342043366393851
2019-08-05,BART,0.41467,0.0027678477308595724
2019-08-06,BART,0.41808,0.004993596760301117
2019-08-07,BART,0.43512,0.0018125235577357082
2019-08-08,BART,0.43962,0.0013826191536650964
2019-08-09,BART,0.43264,0.0032566434125852212
2019-08-10,BART,0.43265,0.002082734084156227
2019-08-11,BART,0.43188,6.215015063931715e-4
2019-08-12,BART,0.43198,9.07521990513344e-4
2019-08-13,BART,0.43339,7.13700932049386e-4
2019-08-14,BART,0.43229,0.00107856170288897
2019-08-15,BART,0.43256,0.0011460065241827306
2019-08-16,BART,0.43748,4.97260454071789e-4
2019-08-17,BART,0.43602,0.0014203715662186535
2019-08-18,BART,0.43507,6.952880477814596e-4
2019-08-19,BART,0.43354,5.801877542693306e-4
2019-08-20,BART,0.41278,0.005420291160038536
2019-08-21,BART,0.44113,0.0011657288110089453
2019-08-22,BART,0.43077,0.0012467926616821729
2019-08-23,BART,0.42923,7.915302678343734e-4
2019-08-24,BART,0.43102,6.06852871924711e-4
2019-08-25,BART,NA,0.002778262417190919
2019-08-26,BART,0.40889,0.006886887158556746
2019-08-27,BART,0.41674,0.0026922862703718385
2019-08-28,BART,0.42804,0.0011202235702514728
2019-08-29,BART,0.40848,0.008707337076094777
2019-08-30,BART,0.41216,0.002779009289333894
2019-08-31,BART,0.42574,6.94468553232308e-4
2019-09-01,BART,0.41999,0.002169051979505316
2019-09-02,BART,0.43704,6.513311017306236e-4
2019-09-03,BART,0.42651,0.001732958414659391
2019-09-04,BART,0.43281,0.0014513313140924534
2019-09-05,BART,NA,0
2019-09-06,BART,0.42336,5.142660313693719e-4
2019-09-07,BART,0.42316,4.611328999633121e-4
2019-09-08,BART,0.42839,0.0012580538095626442
2019-09-09,BART,0.42012,0.001453334589339789
2019-09-10,BART,0.42035,0.001051932609194014
2019-09-11,BART,0.4252,9.390063215105364e-4
2019-09-12,BART,0.42223,0.0011763214755659036
2019-09-13,BART,0.39509,0.011146863067468713
2019-09-14,BART,0.42451,5.96175759593189e-4
2019-09-15,BART,0.40506,0.0029524120461419433
2019-09-16,BART,0.41143,0.0012936478940877127
2019-09-17,BART,0.41049,8.63292462563155e-4
2019-09-18,BART,0.38725,0.01108689467434411
2019-09-19,BART,0.38513,0.011777743206175466
2019-09-20,BART,0.38517,0.009548152244047543
2019-09-21,BART,0.38578,0.008480404556892982
2019-09-22,BART,0.38769,0.00827410625308541
2019-09-23,BART,0.40347,6.406770653307418e-4
2019-09-24,BART,0.40143,0.002220108071004379
2019-09-25,BART,0.39054,0.005841702929133324
2019-09-26,BART,0.40394,8.196395175780073e-4
2019-09-27,BART,0.37409,0.01114244222853889
2019-09-28,BART,0.39868,0.0024256276801803505
2019-09-29,BART,0.37934,0.0032268418581565183
2019-09-30,BART,0.38447,6.116883146552075e-4
2019-10-01,BART,0.38505,0.001021599406293278
2019-10-02,BART,0.37928,9.85391683027412e-4
2019-10-03,BART,0.36952,5.733964130778994e-4
2019-10-04,BART,0.36872,0.0019193111417317094
2019-10-05,BART,0.35013,0.010878991143877784
2019-10-06,BART,0.36614,3.8736169671462617e-4
2019-10-07,BART,0.3622,6.211410947537086e-4
2019-10-08,BART,0.33697,0.0026017359639522344
2019-10-09,BART,0.32783,0.0012598572358381952
2019-10-10,BART,0.323,0.0010889654330077294
2019-10-11,BART,0.3254,0.0038589167781137947
2019-10-12,BART,0.31374,0.001559196928301398
2019-10-13,BART,0.312,0.002975575712842344
2019-10-14,BART,0.31334,0.004601565845470891
2019-10-15,BART,0.31798,0.006916443737166373
2019-10-16,BART,0.31641,0.0011776607383681779
2019-10-17,BART,0.3207,9.225641719840253e-4
2019-10-18,BART,0.32693,0.0017548084493407138
2019-10-19,BART,0.32359,0.006050008939106229
2019-10-20,BART,0.31698,4.6568330352683436e-4
2019-10-21,BART,0.33194,0.0027418443368190937
2019-10-22,BART,0.3169,6.839621662767323e-4
2019-10-23,BART,0.32556,0.002417988909682382
2019-10-24,BART,0.33099,0.0032087837927432025
2019-10-25,BART,0.32985,1.8645358343435383e-4
2019-10-26,BART,0.33406,0.003172028521116332
2019-10-27,BART,0.33969,0.002002443976132922
2019-10-28,BART,0.33469,5.234891578317141e-4
2019-10-29,BART,0.33906,8.88139287660287e-4
2019-10-30,BART,0.34425,0.002786043388984846
2019-10-31,BART,0.34432,0.0011559387661205975
2019-11-01,BART,0.34649,0.001912880963897348
2019-11-02,BART,0.34456,0.0033595017356502013
2019-11-03,BART,0.34581,0.002291145077226222
2019-11-04,BART,0.34603,3.641916718948342e-4
2019-11-05,BART,0.3471,5.828284656810817e-4
2019-11-06,BART,0.34447,0.003403096663274771
2019-11-07,BART,0.34655,1.268358347612921e-4
2019-11-08,BART,0.34765,4.4292515606765234e-4
2019-11-09,BART,0.34499,0.002031793095685045
2019-11-10,BART,0.34712,2.1172448789762575e-4
2019-11-11,BART,0.34844,4.711428315862411e-4
2019-11-12,BART,0.35041,4.994498589775032e-4
2019-11-13,BART,0.34392,2.0353727432786335e-4
2019-11-14,BART,0.34613,3.360415426213702e-4
2019-11-15,BART,0.34701,2.658338778490196e-4
2019-11-16,BART,0.34421,0.0025463612338121307
2019-11-17,BART,0.34573,0.001599940570835076
2019-11-18,BART,0.34692,1.0466088289406689e-4
2019-11-19,BART,0.34848,3.817001708254274e-4
2019-11-20,BART,0.34719,3.1630740924433275e-4
2019-11-21,BART,0.34492,0.0031713576849220744
2019-11-22,BART,0.34839,6.693327582185828e-4
2019-11-23,BART,0.34482,0.003271673874521189
2019-11-24,BART,0.34976,3.1385190840292436e-4
2019-11-25,BART,0.34892,3.830993503582407e-4
2019-11-26,BART,0.34534,0.002091411289936405
2019-11-27,BART,0.34815,1.711498925336575e-4
2019-11-28,BART,0.34711,2.959977247568306e-4
2019-11-29,BART,0.34617,4.694295713405545e-4
2019-11-30,BART,0.34302,0.0018998740049524
2019-12-01,BART,0.34542,8.592385095690384e-5
2019-12-02,BART,0.34596,2.2478207133095279e-4
2019-12-03,BART,0.3486,5.376291966227516e-4
2019-12-04,BART,0.34627,9.197470814726679e-5
2019-12-05,BART,0.34698,5.565176437051161e-4
2019-12-06,BART,0.34604,3.3389080764311503e-4
2019-12-07,BART,0.34371,5.527955761215797e-4
2019-12-08,BART,0.34516,6.763325848324434e-4
2019-12-09,BART,0.34685,2.4617946000959e-4
2019-12-10,BART,0.34759,1.478433050805623e-4
2019-12-11,BART,0.34418,5.353519155372349e-4
2019-12-12,BART,0.34323,0.0015036176782842732
2019-12-13,BART,0.34621,5.603635845937698e-4
2019-12-14,BART,0.34686,6.853239710575723e-4
2019-12-15,BART,0.34615,1.5116345525318652e-4
2019-12-16,BART,0.34391,0.0022798426676829547
2019-12-17,BART,0.349,6.154230322074651e-4
2019-12-18,BART,0.34429,4.299432278611569e-4
2019-12-19,BART,0.3427,5.816262928116305e-4
2019-12-20,BART,0.34317,0.0025676103795600476
2019-12-21,BART,0.34568,1.0517267434353928e-4
2019-12-22,BART,0.34614,2.8767747246398077e-4
2019-12-23,BART,0.34653,8.842796085642003e-4
2019-12-24,BART,0.34373,0.0013770422464730047
2019-12-25,BART,0.34632,1.9627816995274592e-4
2019-12-26,BART,0.34565,1.5969632406028818e-4
2019-12-27,BART,0.3475,1.653702882772499e-4
2019-12-28,BART,0.34436,0.0023953828458013037
2019-12-29,BART,0.34553,2.170885044757338e-4
2019-12-30,BART,0.34922,1.8072418493497692e-4
2019-12-31,BART,0.34834,2.4513018948288265e-4
2020-01-01,BART,0.3469,4.5290522322500557e-4
2020-01-02,BART,0.34574,6.566996965345588e-4
2020-01-03,BART,0.34588,1.542336896414267e-4
2020-01-04,BART,0.34683,2.68551075216611e-4
2020-01-05,BART,0.34731,2.5347666156704966e-4
2020-01-06,BART,0.3463,2.7951503190567134e-4
2020-01-07,BART,0.3456,3.3898552133309354e-4
2020-01-08,BART,0.34643,3.765140320446565e-4
2020-01-09,BART,0.34323,0.0010798732729882237
2020-01-10,BART,0.34603,1.5473809340631843e-4
2020-01-11,BART,0.34796,3.629938999881007e-4
2020-01-12,BART,0.34679,8.592825436350487e-4
2020-01-13,BART,0.34638,1.1990744730151897e-4
2020-01-14,BART,0.34576,3.455539179405826e-4
2020-01-15,BART,0.34549,3.98035751137591e-4
2020-01-16,BART,0.35156,6.137902174362146e-4
2020-01-17,BART,0.34269,9.226675004174187e-4
2020-01-18,BART,0.34512,1.5827195014935812e-4
2020-01-19,BART,0.34603,2.8429197767687104e-4
2020-01-20,BART,0.34313,6.59784627815797e-4
2020-01-21,BART,0.345,0.0013716311689639662
2020-01-22,BART,0.34395,0.0016144639426264144
2020-01-23,BART,0.34581,5.799483439347542e-4
2020-01-24,BART,0.34615,1.1638882055858886e-4
2020-01-25,BART,0.34558,2.0845095933810778e-4
2020-01-26,BART,0.34638,3.1894121011591327e-4
2020-01-27,BART,0.34594,2.085878701934422e-4
2020-01-28,BART,0.34523,2.3087994583279573e-4
2020-01-29,BART,0.34365,0.0013772682669631422
2020-01-30,BART,0.34387,9.438725000372317e-4
2020-01-31,BART,0.34422,4.639007564519975e-4
2020-02-01,BART,0.34564,2.0420948028124867e-4
2020-02-02,BART,0.3456,1.273255252797138e-4
2020-02-03,BART,0.34629,5.302985281703059e-4
2020-02-04,BART,0.34621,1.9328061021663375e-4
2020-02-05,BART,0.34464,3.2961627907094747e-4
2020-02-06,BART,0.34892,1.3366202275339644e-4
2020-02-07,BART,0.3509,5.150290754621765e-4
2020-02-08,BART,0.34275,2.210404192422185e-4
2020-02-09,BART,0.34488,5.638592153134318e-4
2020-02-10,BART,0.34928,3.4915650195455495e-4
2020-02-11,BART,0.34754,2.1703502585753342e-4
2020-02-12,BART,0.34502,1.3678837520723601e-4
2020-02-13,BART,0.3485,6.26971953283471e-4
2020-02-14,BART,0.34276,3.9743201189843994e-4
2020-02-15,BART,0.34325,2.538114357115518e-4
2020-02-16,BART,0.34567,2.8476155438742114e-4
2020-02-17,BART,0.34371,4.93531050653537e-4
2020-02-18,BART,0.34987,1.0917202302899977e-4
2020-02-19,BART,0.34515,2.7126498830027165e-4
2020-02-20,BART,0.34302,5.956763687830328e-4
2020-02-21,BART,0.34341,0.0013030316455818515
2020-02-22,BART,0.34433,0.0015536943333978777
2020-02-23,BART,0.34493,2.2786212802428462e-4
2020-02-24,BART,0.34524,7.827240004090335e-4
2020-02-25,BART,0.34637,1.2804476895656935e-4
2020-02-26,BART,0.34628,1.1255202878523662e-4
2020-02-27,BART,0.35108,5.777780606313621e-4
2020-02-28,BART,0.34437,1.1612030355608913e-4
2020-02-29,BART,0.34504,3.6788973503328975e-4
2020-03-01,BART,0.3432,5.152198516266633e-4
2020-03-02,BART,0.34629,2.1747071489452115e-4
2020-03-03,BART,0.34592,2.2860544389755334e-4
2020-03-04,BART,0.34608,1.5752500157895379e-4
2020-03-05,BART,0.34494,9.186088472716245e-4
2020-03-06,BART,0.34579,2.054008485168261e-4
2020-03-07,BART,0.34389,4.735510230467045e-4
2020-03-08,BART,0.3445,0.0017903044985563257
2020-03-09,BART,0.34587,4.398136971073822e-4
2020-03-10,BART,0.347,2.2701901385801466e-4
2020-03-11,BART,0.34551,1.3921049104262753e-4
2020-03-12,BART,0.34618,1.1919376267752546e-4
2020-03-13,BART,0.34716,2.1776417219983077e-4
2020-03-14,BART,0.34446,1.3650988601414106e-4
2020-03-15,BART,0.34449,5.177408637927057e-4
2020-03-16,BART,0.34454,8.191472210756328e-4
2020-03-17,BART,0.34857,1.7810785542267624e-4
2020-03-18,BART,0.34509,3.868567735807565e-4
2020-03-19,BART,0.34686,1.8444591597096137e-4
2020-03-20,BART,0.34814,2.618790030622812e-4
2020-03-21,BART,0.34377,2.1570236863960803e-4
2020-03-22,BART,0.34364,0.0016553382317921132
2020-03-23,BART,0.34789,7.622474299660125e-4
2020-03-24,BART,0.34429,8.713196009150583e-4
2020-03-25,BART,0.34534,1.51645678595647e-4
2020-03-26,BART,0.34469,4.753706218975521e-4
2020-03-27,BART,0.3437,0.0012531952767356987
2020-03-28,BART,0.34603,7.733361599760923e-5
2020-03-29,BART,0.34697,8.091235873411766e-5
2020-03-30,BART,0.34586,4.6833604540817215e-4
2020-03-31,BART,0.34433,5.24808925773397e-4
2020-04-01,BART,0.3455,6.427079191885943e-5
2020-04-02,BART,0.34675,2.7012098574302106e-4
2020-04-03,BART,0.34478,2.9332969261810235e-4
2020-04-04,BART,0.34623,1.4161128745510037e-4
2020-04-05,BART,0.34671,8.05298778372965e-5
2020-04-06,BART,0.34377,0.0016680013703317515
2020-04-07,BART,0.34393,8.383661466915116e-4
2020-04-08,BART,0.34566,1.2983883259249504e-4
2020-04-09,BART,0.35153,0.0010441509782144116
2020-04-10,BART,0.3472,5.330514773931523e-4
2020-04-11,BART,0.3436,1.8810031626657867e-4
2020-04-12,BART,0.34561,2.0610409594995109e-4
2020-04-13,BART,0.34818,5.072490367719952e-4
2020-04-14,BART,0.34422,2.3379424409387793e-4
2020-04-15,BART,0.34359,1.526981228918427e-4
2020-04-16,BART,0.34313,2.168544739154408e-4
2020-04-17,BART,0.34264,1.1869312859432822e-4
2020-04-18,BART,0.34384,2.303413226018264e-4
2020-04-19,BART,0.34474,5.550324998757827e-4
2020-04-20,BART,0.34217,8.195022005673297e-4
2020-04-21,BART,0.34344,2.6884059460230235e-4
2020-04-22,BART,0.34209,1.6278695730736174e-4
2020-04-23,BART,0.34125,7.576498841409373e-4
2020-04-24,BART,0.34399,6.06676324958678e-5
2020-04-25,BART,0.34238,3.2388879169825176e-4
2020-04-26,BART,0.34405,1.7426979318381313e-4
2020-04-27,BART,0.33907,5.669211887782215e-4
2020-04-28,BART,0.34345,6.004924509713063e-5
2020-04-29,BART,0.34325,5.047693856139258e-4
2020-04-30,BART,0.34419,3.583238900828191e-4
2020-05-01,BART,0.34441,6.148743080450442e-4
2020-05-02,BART,0.34266,7.689099243973479e-4
2020-05-03,BART,0.34546,4.456029164892088e-4
2020-05-04,BART,0.34477,6.464194632349918e-5
2020-05-05,BART,0.34411,4.693517474742544e-4
2020-05-06,BART,0.34494,6.488716737380324e-5
2020-05-07,BART,0.34411,4.1778574530444945e-4
2020-05-08,BART,0.34429,7.90114329107664e-5
2020-05-09,BART,0.34848,9.382574817398628e-4
2020-05-10,BART,0.34493,9.204836991539632e-4
2020-05-11,BART,0.34603,1.1787437103518029e-4
2020-05-12,BART,0.3438,0.0010392312731936483
2020-05-13,BART,0.34352,3.244587732057786e-4
2020-05-14,BART,0.34601,6.184289192488204e-4
2020-05-15,BART,0.35325,4.933870029640796e-4
2020-05-16,BART,0.35537,0.00168810036504023
2020-05-17,BART,0.36035,0.0019311073432153937
2020-05-18,BART,0.37218,0.0031605912265955257
2020-05-19,BART,0.37762,0.0017977505758756496
2020-05-20,BART,0.38734,9.318446005594718e-4
2020-05-21,BART,0.4074,8.564134601311968e-4
2020-05-22,BART,0.41308,0.0036034784555470712
2020-05-23,BART,0.42358,0.0025794349088472065
2020-05-24,BART,0.44022,5.562542730860821e-4
2020-05-25,BART,0.45447,0.0012056203247071287
2020-05-26,BART,0.46359,0.0054281602889422005
2020-05-27,BART,0.44205,0.0047465598455457055
2020-05-28,BART,0.46282,0.001543132197704343
2020-05-29,BART,0.46852,0.0015818630839382172
2020-05-30,BART,0.46218,0.001270816562173266
2020-05-31,BART,0.45956,0.002189041861879591
2020-06-01,BART,0.45221,9.807763896682094e-4
2020-06-02,BART,0.45483,5.125024881970434e-4
2020-06-03,BART,0.46303,0.0015919005552983542
2020-06-04,BART,0.45903,0.0017432781341659718
2020-06-05,BART,0.45957,4.0320613050084757e-4
2020-06-06,BART,0.45916,6.48863170381513e-4
2020-06-07,BART,0.45493,4.2553619285388294e-4
2020-06-08,BART,0.44357,9.178631226042085e-4
2020-06-09,BART,0.45765,7.44512648704927e-4
2020-06-10,BART,0.45482,0.0017964469222578733
2020-06-11,BART,0.45849,9.946612459957051e-4
2020-06-12,BART,0.44368,0.0033924396762115977
2020-06-13,BART,0.44616,5.790142841282068e-4
2020-06-14,BART,0.44868,5.230511739899326e-4
2020-06-15,BART,0.44616,4.960000411454999e-4
2020-06-16,BART,0.42468,0.005684035778801323
2020-06-17,BART,0.42611,0.001343117844602548
2020-06-18,BART,0.42624,0.0037190537284505576
2020-06-19,BART,0.45253,4.8629058919832523e-4
2020-06-20,BART,0.45391,0.0015324927091746419
2020-06-21,BART,0.45283,0.0015593484191305286
2020-06-22,BART,0.45131,8.054218810850739e-4
2020-06-23,BART,0.43083,0.0037933127698353414
2020-06-24,BART,0.45232,7.82289053525164e-4
2020-06-25,BART,0.42827,0.003985684731073207
2020-06-26,BART,0.44659,7.597422763876013e-4
2020-06-27,BART,0.44741,7.972841912597044e-4
2020-06-28,BART,0.45401,0.0019662089643343096
2020-06-29,BART,0.45983,9.331032875872435e-4
2020-06-30,BART,0.45127,5.119615116273456e-4
2020-07-01,BART,0.45118,0.0020227219652170256
2020-07-02,BART,0.44772,0.003534893890160479
2020-07-03,BART,0.44703,5.758078265022273e-4
2020-07-04,BART,0.43545,0.0023720184615725125
2020-07-05,BART,0.44623,5.815136620782697e-4
2020-07-06,BART,0.43927,0.003837397864944096
2020-07-07,BART,0.44223,0.0010736695993514085
2020-07-08,BART,0.44157,8.897994142226736e-4
2020-07-09,BART,0.44261,0.0017099437423613625
2020-07-10,BART,0.44219,5.956883502404887e-4
2020-07-11,BART,0.44845,0.0014411037902544355
2020-07-12,BART,0.44439,0.0012868312614753353
2020-07-13,BART,0.44242,5.078611335989472e-4
2020-07-14,BART,0.45671,0.003034767758925266
2020-07-15,BART,0.44353,0.0012590643985086055
2020-07-16,BART,0.44283,0.0013292806709046898
2020-07-17,BART,0.44749,0.0011010581367067616
2020-07-18,BART,0.43996,0.002145052316092894
2020-07-19,BART,0.43538,0.0010059372926453742
2020-07-20,BART,0.4414,6.760203172891717e-4
2020-07-21,BART,0.43919,7.277438594024402e-4
2020-07-22,BART,0.44109,5.197243131051716e-4
2020-07-23,BART,0.44143,3.260158779155688e-4
2020-07-24,BART,0.43583,0.0010573510198527702
2020-07-25,BART,0.43021,0.0025671658521905136
2020-07-26,BART,0.44004,3.686797565057554e-4
2020-07-27,BART,0.4414,8.774713437963013e-4
2020-07-28,BART,0.44031,7.239990765582162e-4
2020-07-29,BART,0.41755,0.004712315062619205
2020-07-30,BART,0.43664,9.014525966913762e-4
2020-07-31,BART,0.43129,0.0020589027329316625
2020-08-01,BART,0.43466,0.002080206738548356
2020-08-02,BART,0.44132,3.2640184073109236e-4
2020-08-03,BART,0.43529,9.265598950870298e-4
2020-08-04,BART,0.44824,0.001957699378226963
2020-08-05,BART,0.42486,0.004023887149997923
2020-08-06,BART,0.42901,8.93334468067094e-4
2020-08-07,BART,0.4316,8.610834788515101e-4
2020-08-08,BART,0.4357,6.282582661450458e-4
2020-08-09,BART,0.43511,6.566165283528278e-4
2020-08-10,BART,0.43456,5.508913834201183e-4
2020-08-11,BART,0.42704,0.002599189765826168
2020-08-12,BART,0.43441,0.0018759092054091446
2020-08-13,BART,0.43456,0.0010455411107583167
2020-08-14,BART,0.43193,0.0019576668499798923
2020-08-15,BART,0.43515,6.961400574538481e-4
2020-08-16,BART,0.43444,0.0010933391922856141
2020-08-17,BART,0.43602,8.208290535196875e-4
2020-08-18,BART,0.43417,0.0013157806034162893
2020-08-19,BART,0.43152,6.55616995272239e-4
2020-08-20,BART,0.42653,0.00203798131172461
2020-08-21,BART,0.4333,4.622418467620191e-4
2020-08-22,BART,0.4331,0.001196727402168959
2020-08-23,BART,0.43501,4.935848391810449e-4
2020-08-24,BART,0.4354,7.039292450529413e-4
2020-08-25,BART,0.43318,5.213857516664779e-4
2020-08-26,BART,0.41029,0.0047272983506783835
2020-08-27,BART,0.42882,4.886339826287028e-4
2020-08-28,BART,0.42725,7.641559366452709e-4
2020-08-29,BART,0.43628,6.30135561702752e-4
2020-08-30,BART,0.42721,0.001510189878587373
2020-08-31,BART,0.4254,0.0012697819835366547
2020-09-01,BART,0.4273,0.003114258327795709
2020-09-02,BART,0.4355,0.001019055364901576
2020-09-03,BART,0.42767,5.556172886336103e-4
2020-09-04,BART,0.40448,0.007532311841225738
2020-09-05,BART,0.4047,0.006018210989173109
2020-09-06,BART,0.4151,0.0019970492109661216
2020-09-07,BART,0.42562,7.9121692605861e-4
2020-09-08,BART,0.42278,0.0019029256852734528
2020-09-09,BART,0.41814,0.0013679451588243603
2020-09-10,BART,0.42265,0.0033920396755958396
2020-09-11,BART,0.40044,0.006753394273902234
2020-09-12,BART,0.39709,0.009986223935982603
2020-09-13,BART,0.41596,8.096859620512524e-4
2020-09-14,BART,0.40272,0.0021796892331387954
2020-09-15,BART,0.39929,0.002001282768626153
2020-09-16,BART,0.39532,0.0035047857813368805
2020-09-17,BART,0.4109,5.068068428093382e-4
2020-09-18,BART,0.40848,0.0018464203051486616
2020-09-19,BART,0.3826,0.009991695321003087
2020-09-20,BART,0.39156,0.006976968975720278
2020-09-21,BART,0.37859,0.0049361197230213105
2020-09-22,BART,0.38924,0.0011174491770390709
2020-09-23,BART,0.39273,0.0031079740497432697
2020-09-24,BART,0.38157,0.0013781458595533659
2020-09-25,BART,0.37457,0.0031619187874402104
2020-09-26,BART,0.35649,0.00621180377365939
2020-09-27,BART,0.35894,7.12651874253863e-4
2020-09-28,BART,0.35847,0.0010194537152568538
2020-09-29,BART,0.3603,0.0012094526886664235
2020-09-30,BART,0.37163,0.0020295082343931006
2020-10-01,BART,0.36644,0.004732187779840674
2020-10-02,BART,0.36327,0.0033911087826122796
2020-10-03,BART,0.35812,0.002131297236857582
2020-10-04,BART,0.35632,0.0035114277207949716
2020-10-05,BART,0.35636,6.864289430651573e-4
2020-10-06,BART,0.35851,0.0026293532052501407
2020-10-07,BART,0.35398,0.0012652877088324432
2020-10-08,BART,0.3507,9.825579910184975e-4
2020-10-09,BART,0.34097,0.006328277973718687
2020-10-10,BART,0.34516,0.003842083198538226
2020-10-11,BART,NA,NA
2020-10-12,BART,NA,NA
2020-10-13,BART,NA,NA
2020-10-14,BART,0.32865,0.004826412571655764
2020-10-15,BART,0.32664,0.005067790041396106
2020-10-16,BART,0.31794,0.001736695701847718
2020-10-17,BART,0.31707,0.007056759934666204
2020-10-18,BART,0.31939,4.0272039219005985e-4
2020-10-19,BART,0.31855,6.41717752185007e-4
2020-10-20,BART,0.31912,0.004022626946538843
2020-10-21,BART,0.32732,0.0019773312874701034
2020-10-22,BART,NA,NA
2020-10-23,BART,0.32572,8.74779132474162e-4
2020-10-24,BART,0.33665,0.0016890778670080114
2020-10-25,BART,0.34186,0.00240148154951335
2020-10-26,BART,0.34172,4.803867489548834e-4
2020-10-27,BART,0.34383,2.7495454169734204e-4
2020-10-28,BART,0.3438,4.326149138361621e-4
2020-10-29,BART,0.34427,2.995354934506621e-4
2020-10-30,BART,0.34333,1.337633075584597e-4
2020-10-31,BART,0.34286,0.003982455050209446
2020-11-01,BART,0.34645,1.5432869771619126e-4
2020-11-02,BART,0.3466,3.7976309747536396e-4
2020-11-03,BART,0.34626,2.851128412486904e-4
2020-11-04,BART,0.34624,0.0031893639967356356
2020-11-05,BART,0.34506,0.00451657772212545
2020-11-06,BART,0.34622000000000003,6.070403328563053e-4
2020-11-07,BART,0.34691,3.509321115811097e-4
2020-11-08,BART,0.34554,0.005250531867480528
2020-11-09,BART,0.34506,0.005565008460084874
2020-11-10,BART,0.34496,0.004313116940833646
2020-11-11,BART,0.34933,0.0018244373441850897
2020-11-12,BART,0.34739,9.407633895417618e-5
2020-11-13,BART,0.34737,2.018671254229679e-4
2020-11-14,BART,0.34603,3.5911361171981926e-4
2020-11-15,BART,0.34663,4.648846686029127e-4
2020-11-16,BART,0.34652,7.802358000460291e-4
2020-11-17,BART,0.34627,3.0954867475215696e-4
2020-11-18,BART,0.34525,4.509475629048282e-4
2020-11-19,BART,0.34578,1.8823575751742997e-4
2020-11-20,BART,0.34707,2.30961648905847e-4
2020-11-21,BART,0.34568,0.0011123090893290718
2020-11-22,BART,0.34617,2.67561005059734e-4
2020-11-23,BART,0.34586,5.034451043174697e-4
2020-11-24,BART,0.34436,7.711906892485657e-4
2020-11-25,BART,0.34831,2.984641639173127e-4
2020-11-26,BART,0.34708,1.9315556276889656e-4
2020-11-27,BART,0.34605,3.0966903003572314e-4
2020-11-28,BART,0.34649,2.2773034985459583e-4
2020-11-29,BART,0.34402,0.004809263145222978
2020-11-30,BART,0.34809,9.99531834287987e-4
2020-12-01,BART,0.34876,2.585351395214025e-4
2020-12-02,BART,0.34676,0.0011897966255642542
2020-12-03,BART,0.34418,0.003994663431200618
2020-12-04,BART,0.34649,1.65680076518272e-4
2020-12-05,BART,0.34556,3.728314851598877e-4
2020-12-06,BART,0.35196,5.828753148427772e-4
2020-12-07,BART,0.34663,4.1244048426556924e-4
2020-12-08,BART,0.34576,3.179190790379385e-4
2020-12-09,BART,0.34659,1.6171154086515029e-4
2020-12-10,BART,0.34584,3.409851777256251e-4
2020-12-11,BART,0.3464,3.0680901192096905e-4
2020-12-12,BART,0.34753,1.0227374231612666e-4
2020-12-13,BART,0.34839,9.63771574257577e-4
2020-12-14,BART,0.34644,2.591523891773418e-4
2020-12-15,BART,0.3433,0.0030962782137822975
2020-12-16,BART,0.34492,0.0026240582027517202
2020-12-17,BART,0.35059,2.504315817600803e-4
2020-12-18,BART,0.34403,0.0018663707897676584
2020-12-19,BART,0.34485,7.991578465318744e-4
2020-12-20,BART,0.34498,1.8183940436437845e-4
2020-12-21,BART,0.34413,0.0020593867210746976
2020-12-22,BART,0.3473,3.2861123982416723e-4
2020-12-23,BART,0.34405,7.60402668837724e-4
2020-12-24,BART,0.34783,2.4807437989277277e-4
2020-12-25,BART,0.34672,4.1477622981112e-4
2020-12-26,BART,0.34465,4.304270228979777e-4
2020-12-27,BART,0.34472,0.0015905013374687184
2020-12-28,BART,0.34888,0.001002618957469658
2020-12-29,BART,0.34584,0.0011009759596255929
2020-12-30,BART,0.34671,3.6990910301017263e-4
2020-12-31,BART,0.34557,2.586855312568316e-4
2021-01-01,BART,0.34393,0.002795913609654826
2021-01-02,BART,0.35247,0.0018327631335427548
2021-01-03,BART,0.34496,8.529778091235188e-4
2021-01-04,BART,0.3463,2.6314836352234417e-4
2021-01-05,BART,0.34605,1.2684109454473753e-4
2021-01-06,BART,0.34508,1.1171225610140792e-4
2021-01-07,BART,0.34487,9.912741748859947e-4
2021-01-08,BART,0.34362,0.0033536029969608036
2021-01-09,BART,0.34643,4.255143945861315e-4
2021-01-10,BART,0.34368,0.0013377021151884244
2021-01-11,BART,0.34571,2.506995315153924e-4
2021-01-12,BART,0.34449,2.437614466176867e-4
2021-01-13,BART,0.34517,5.846584560271994e-5
2021-01-14,BART,0.34567,8.54307214253986e-5
2021-01-15,BART,0.34623,2.4439755167616464e-4
2021-01-16,BART,0.35288,3.027792352624598e-4
2021-01-17,BART,0.34527,5.138166611005198e-4
2021-01-18,BART,0.34536,1.1189754789310037e-4
2021-01-19,BART,0.34518,1.6907037056823797e-4
2021-01-20,BART,0.34578,6.326661756376188e-4
2021-01-21,BART,0.34643,1.8564122079200125e-4
2021-01-22,BART,0.34575,3.920075301234243e-4
2021-01-23,BART,0.34394,1.329547659767012e-4
2021-01-24,BART,0.34328,4.749442931888468e-5
2021-01-25,BART,0.34329,0.0015879312487045018
2021-01-26,BART,0.34509,4.106537724364935e-4
2021-01-27,BART,0.34692,4.601872360734301e-4
2021-01-28,BART,0.34457,1.648192578405165e-4
2021-01-29,BART,0.34442,5.09277263404143e-4
2021-01-30,BART,0.34307,3.128652966974021e-4
2021-01-31,BART,0.34328,5.014678633364062e-4
2021-02-01,BART,0.34446,1.085704436045628e-4
2021-02-02,BART,0.35217,4.8705747052256974e-4
2021-02-03,BART,0.34433,3.6654293620479693e-4
2021-02-04,BART,0.34459,4.4593167775399556e-4
2021-02-05,BART,0.35011,3.351853736276034e-4
2021-02-06,BART,0.34454,4.7441660156104525e-4
2021-02-07,BART,0.34836,3.850473832490424e-4
2021-02-08,BART,0.34343,0.0010709952617132688
2021-02-09,BART,0.34747,1.8074099181549668e-4
2021-02-10,BART,0.34532,3.7840338264872117e-4
2021-02-11,BART,0.34426,2.1962958055112458e-4
2021-02-12,BART,0.34459,3.329126599930997e-4
2021-02-13,BART,0.34554,8.25711814133776e-5
2021-02-14,BART,0.34538,1.1503043075638105e-4
2021-02-15,BART,0.34675,2.8363644450785276e-4
2021-02-16,BART,0.35044,8.065185054242901e-4
2021-02-17,BART,0.34363,0.0023247414953943076
2021-02-18,BART,0.34607,2.0370046036034833e-4
2021-02-19,BART,0.34733,1.3234710084485541e-4
2021-02-20,BART,0.34475,2.3374886226941224e-4
2021-02-21,BART,0.34368,4.043674324276869e-4
2021-02-22,BART,0.34844,4.105954362202459e-4
2021-02-23,BART,0.34592,1.9251227260109544e-4
2021-02-24,BART,0.34597,1.7668746187455648e-4
2021-02-25,BART,0.34589,1.1491131629323437e-4
2021-02-26,BART,0.34375,1.79039961335744e-4
2021-02-27,BART,0.35134,2.2233493395583398e-4
2021-02-28,BART,0.34601,7.932881711264039e-5
2021-03-01,BART,0.34752,7.342127023178693e-4
2021-03-02,BART,0.34281,4.2293004004860253e-4
2021-03-03,BART,0.34626,9.545679651024974e-5
2021-03-04,BART,0.34401,1.4588365506912955e-4
2021-03-05,BART,0.34459,7.201372884983162e-5
2021-03-06,BART,0.34439,2.9668666904974464e-4
2021-03-07,BART,0.3438,5.94443988539043e-4
2021-03-08,BART,0.34428,4.3361900703879023e-4
2021-03-09,BART,0.34671,2.348899003919055e-4
2021-03-10,BART,0.34514,0.0017359182624413988
2021-03-11,BART,0.34765,5.980783048861653e-4
2021-03-12,BART,0.34518,0.002127637333297388
2021-03-13,BART,0.34398,2.1519153784288334e-4
2021-03-14,BART,0.34626,3.4337105829331644e-4
2021-03-15,BART,0.34333,3.127375668420531e-4
2021-03-16,BART,0.34515,4.0917199866289636e-4
2021-03-17,BART,0.34495,4.299299420859743e-4
2021-03-18,BART,0.34665,9.373040148888151e-5
2021-03-19,BART,0.34383,0.0010972383189496425
2021-03-20,BART,0.3451,0.0013342170701216806
